Name,FIPS,"Healthcare ($000), 2017","Movies, parks, museums ($000), 2017","Social, recreation, health club membership ($000), 2017","Entertainment ($000), 2017","% Population in Poverty, Total, 2017","Prescription drugs ($000), 2017","HEALTH CARE AND SOCIAL ASSISTANCE (# Businesses) [NAICS 62], 2017"
"Los Angeles, CA",0644000,5618947.6,95302.9,257014,3950565.2,23.7693,313595.1,11865
"San Diego, CA",0666000,2288394.4,40947.8,117262.2,1677812,16.7298,123909.1,4337
"San Francisco, CA",0667000,1637592.3,33003.5,93819.2,1248373.8,14.9881,83909.5,3258
"San Jose, CA",0668000,1530506.5,31152.3,86203.4,1152477.2,13.1806,76284.7,2510
"Sacramento, CA",0664000,747074.8,12602.2,31300.7,513386.7,23.5164,41057.5,1256
"Long Beach, CA",0643000,688329.3,11697.4,31018.9,485641,23.1837,38036.4,1262
"Fresno, CA",0627000,683719.8,10772.2,27200,458547.1,30.3838,39100.7,1591
"Oakland, CA",0653000,624765.6,11115.8,27728.4,443505.5,21.2808,33545.5,1279
"Bakersfield, CA",0603526,519787,8472.2,23389,364359.7,21.8396,29154.8,1014
"Anaheim, CA",0602000,465699.9,8156.6,21699.9,327552,17.2968,25165,923
"Riverside, CA",0662000,435141.6,7102.2,19288.6,302860.6,19.6605,24534.5,843
"Huntington Beach, CA",0636000,391892.5,7083.9,22879,296878.8,9.6816,21717.1,680
"Irvine, CA",0636770,391509.7,8511.6,24039.2,307392.2,12.6557,18763.9,1260
"Stockton, CA",0675000,390494,6493.8,15429.6,261327.3,26.3954,21541.3,650
"Fremont, CA",0626000,373395.3,8619.2,22322.6,288435,5.8909,16835.4,679
"Chula Vista, CA",0613392,371670.2,6453.2,17417.9,263544,11.5521,20088.7,557
"Santa Ana, CA",0669000,342134.3,5720.9,14322,232261.9,22.5712,18654.2,738
"Glendale, CA",0630000,341087.1,5818.3,16304.2,238649.9,15.0032,19300.5,1089
"Modesto, CA",0648354,322961.9,5031.4,13595.1,218650.4,22.6932,18844.9,683
"Santa Rosa, CA",0670098,310549.5,4961.3,14701.9,218475.5,15.2307,18199.6,692
"Santa Clarita, CA",0669088,309691.1,5512,17373.4,233462.6,9.9756,16920.2,494
"Oceanside, CA",0653322,293581,4774.6,13609.4,205673.2,13.8894,16822.6,315
"Torrance, CA",0680000,275310,5331.2,14392.6,200183.7,8.9049,14292.8,1031
"Sunnyvale, CA",0677000,272290.4,6128.9,16764.4,213404.2,7.8327,12704.2,412
"Rancho Cucamonga, CA",0659451,268453.6,4833.6,14227.5,200296.7,6.8801,14330.9,464
"Thousand Oaks, CA",0678582,253587.5,4678.6,16366.4,198899.8,7.4823,14156.1,649
"Pasadena, CA",0656000,247820,4512.4,13080.9,183189.4,15.156,13489.7,1056
"Roseville, CA",0662938,244518.1,4238.5,13136.1,180744,9.4533,13651.7,529
"San Bernardino, CA",0665000,239366.4,3563,8490.7,155917.9,34.5007,14010.3,406
"Oxnard, CA",0654652,236798.6,3898.8,10746.7,164993.3,17.7173,13289.3,432
"Elk Grove, CA",0622020,236453.5,4617.9,12294.1,175563,10.7803,11777.7,310
"Corona, CA",0616350,233385.6,4186.3,12309.5,173416.3,11.6965,12440.6,318
"Moreno Valley, CA",0649270,230639.2,3736.5,9234.7,157729.1,21.4834,12661.3,246
"Fontana, CA",0624680,228186.7,3820.2,10092.1,160249.2,18.4883,12297,184
"Concord, CA",0616000,226519.6,3919.7,11471.8,163960.3,12.6074,12566,353
"Orange, CA",0653980,225387.2,4100.1,12739.2,169542.2,11.6163,12274.6,646
"Carlsbad, CA",0611194,224902.6,4036.9,13443.3,172136.7,11.2303,12506.9,362
"Simi Valley, CA",0672016,223809.4,4017,13155,170740.3,7.5594,12330.4,370
"Fullerton, CA",0628000,221789.8,4077.6,11263.4,160465.1,16.1253,11815.8,412
"Escondido, CA",0622804,219649.6,3485.7,9623.9,150479.7,19.763,12662.2,358
"Garden Grove, CA",0629000,219553.9,4090.9,9577.4,149414.6,17.592,11247.4,467
"Santa Monica, CA",0670000,217168.3,3980.3,12999.5,168326.9,13.8805,12077.3,972
"Santa Clara, CA",0669084,215576.8,4716.5,12896.9,167612.9,9.2876,10220.4,270
"Newport Beach, CA",0651182,212821,4121.9,15284.9,174121.7,8.3321,11829,813
"Hayward, CA",0633000,210640.6,3844.8,9498.2,147725.4,13.4719,10971.2,290
"Berkeley, CA",0606000,208978.8,3910.8,11444.2,157696.9,17.721,11295.5,502
"Ontario, CA",0653896,203868.7,3260.8,8393.2,138869.5,18.9982,11399.2,246
"San Buenaventura (Ventura), CA",0665042,201938.2,3298.6,10355.7,146200.8,11.8419,11784.5,495
"Lancaster, CA",0640130,200735.1,3135,8135.9,136844,24.3435,11498.7,431
"Burbank, Los Angeles County, CA",0608954,200306.4,3467.3,10307.9,146012.6,10.437,11204.7,525
"San Mateo, CA",0668252,196766.1,3873.1,11760.8,150893.2,7.3415,10326.6,495
"Visalia, CA",0682954,196258.4,3106.2,8742,136059.6,19.9706,11281.5,397
"Costa Mesa, CA",0616532,192253,3390,10089.2,142219.7,16.0158,10514.4,408
"Palmdale, CA",0655156,191165.3,3052.9,8044.9,131623.3,21.9031,10702.3,206
"Mission Viejo, CA",0648256,187726,3424.4,11526.7,144975.2,6.5792,10384.5,469
"Salinas, CA",0664224,185802.1,2954.7,7530,125272.9,22.6077,10473.1,317
"Arden-Arcade, CA",0602553,182734,2872.2,8093.3,125981,21.1619,10817.6,443
"Vallejo, CA",0681666,177989.8,3169.3,7707.8,124054.1,18.6158,9511.6,280
"Murrieta, CA",0650076,173489.7,3044.7,9032.5,127566.1,8.3495,9417.9,287
"Temecula, CA",0678120,170018.6,3031.7,8963.6,126393.8,10.1174,9069,275
"Pomona, CA",0658072,169420.3,2688.5,6607,112817.1,22.255,9521.1,311
"Santa Barbara, CA",0669070,168441.9,2854,9138.4,124764.1,15.6274,9750.8,522
"Livermore, CA",0641992,166660.6,3130.4,10489.8,131014,5.8231,8928.6,186
"Walnut Creek, CA",0683346,166391.5,2961.2,9827,125125.3,4.8582,9567.7,496
"Clovis, CA",0614218,165609.1,2765.8,7935,117837.7,14.5941,9271.7,218
"Redding, CA",0659920,163976.5,2409.2,6735.6,108870.4,18.8349,10045.1,454
"Fairfield, CA",0623182,162658.6,2868.6,7701.5,116748,14.5492,8780.6,273
"Mountain View, Santa Clara County, CA",0649670,160267.2,3404.6,10239.1,127601.5,9.2609,7928.4,336
"Vacaville, CA",0681554,159605.5,2752.7,8358.8,117647.5,9.0601,8886.1,195
"Downey, CA",0619766,158486.2,2573.9,7006.1,109357.3,14.1458,8967.2,308
"Citrus Heights, CA",0613588,158393.6,2435.2,6714.4,107765.7,15.6297,9288.7,170
"El Cajon, CA",0621712,155653.4,2401.4,6350.4,105014.5,25.2098,9074.9,229
"Antioch, CA",0602252,152908.1,2618.3,7085,108844.7,14.5875,8346.1,257
"West Covina, CA",0684200,151974.6,2726.2,6999.4,105896.3,10.8752,8082.9,342
"Alameda, CA",0600562,151225.5,2961.8,8248.7,112395.1,9.5688,7823.5,218
"Richmond, CA",0660620,148555.6,2517.8,6162.6,103120.8,18.1805,8144.8,141
"Daly City, CA",0617918,148356.8,3134.1,7154.3,105031.9,8.8488,7001.8,269
"Redondo Beach, CA",0660018,148030.4,2898.9,9827.2,119436,7.1507,7849.4,225
"Pleasanton, CA",0657792,147641,3112.1,10283.9,120591.9,4.743,7464.6,312
"Chico, CA",0613014,147499.2,2262.6,6142.4,101220.7,23.8544,8672.7,361
"Palo Alto, CA",0655282,146859.9,3233.6,10829.8,121582.6,5.3341,7447.7,410
"San Leandro, CA",0668084,145242.9,2608.2,6401.3,100630.7,8.9014,7697.4,252
"Lake Forest, CA",0639496,142408.5,2727,8760.1,110959.7,5.9243,7495.3,252
"Redwood City, CA",0660102,142337.8,2647.3,8333.7,108369.5,10.6226,7684.5,273
"Menifee, CA",0646842,141916.8,2120.3,5943.8,94568.1,11.9163,8571.4,103
"San Ramon, CA",0668378,141731.9,3278.9,10204.1,118598.5,3.4335,6595.2,317
"Whittier, CA",0685292,140980.2,2314.5,7006.9,100852.1,12.1906,8097.1,252
"Napa, CA",0650258,140798.4,2274.7,6962.6,100270,11.9351,8201.2,248
"Victorville, CA",0682590,140141.5,2157.7,5319.5,93563.2,27.898,7993.9,211
"Hemet, CA",0633182,139687.4,1855.6,4751.6,86197.3,24.6512,9019.1,200
"Vista, CA",0682996,139399.9,2198.8,5897.4,95060,15.9574,7968.6,244
"San Marcos, CA",0668196,136807.9,2269.6,6476.5,96192.2,17.8931,7694.8,175
"Folsom, CA",0624638,136680.6,2586.3,8267.9,106238.8,5.3511,7217.9,268
"Laguna Niguel, CA",0639248,136576.3,2596.6,9099.9,108621.9,6.4585,7458.9,247
"East Los Angeles, CA",0620802,134340.5,1900.2,4425.9,84029.8,29.8002,8113.8,183
"Lakewood, CA",0639892,133038.4,2337.1,6626.7,96097.6,8.9625,7245.2,165
"Encinitas, CA",0622678,132974.3,2392.4,8351.9,103827.4,10.2438,7464.7,405
"San Clemente, CA",0665084,130934.3,2384.8,8370.8,102441.9,8.5771,7303.6,209
"Camarillo, CA",0610046,130444.3,2269.4,7407,97374.4,6.434,7456.8,253
"Norwalk, CA",0652526,129713.3,2126.6,5443.3,87792.8,14.3423,7218.6,161
"Carmichael, CA",0611390,128357.4,2015.3,5968.4,89185.3,14.6358,7657,231
"Alhambra, CA",0600884,127516.6,2492.4,5316.5,85343.1,16.1143,6275.9,297
"Yorba Linda, CA",0686832,126290.2,2489,8488.4,100862.5,3.8953,6711.8,179
"Santa Maria, CA",0669196,124880.4,1932.3,5012,83389.3,24.4746,7209.9,309
"Upland, CA",0681344,124566.2,2118.2,6206.1,89646.9,13.0854,6988,379
"Westminster, CA",0684550,124043.8,2349.4,5432.8,83795.8,18.1445,6331.7,309
"Palm Desert, CA",0655184,123438.9,1853.1,5919.7,84718.4,10.611,7820.3,238
"Hesperia, CA",0633434,123380.3,1814.9,4668,80849.6,26.6892,7280.5,94
"Tustin, CA",0680854,123135.8,2358.7,6685.9,91810.5,14.1042,6341.5,383
"Redlands, CA",0659962,123079.9,2093.9,6398.9,89731,13.681,6971.8,310
"Tracy, CA",0680238,122594.1,2235.7,6269.1,90295.1,11.0996,6400.9,175
"Chino Hills, CA",0613214,120816.2,2515.4,7132.6,93252.4,7.8874,5872.9,134
"El Monte, CA",0622230,120702.3,2015.8,4352.2,77150.1,25.8822,6530.3,190
"Castro Valley, CA",0611964,120675.6,2299.9,6937.4,91108.2,7.9829,6411.5,191
"Inglewood, CA",0636546,117622.1,1798.4,3899.6,78507.5,22.5804,6727.5,260
"Indio, CA",0636448,117487.4,1777.9,4965.9,79222.9,22.5258,6951.1,134
"San Rafael, CA",0668364,116651.6,2044.9,6873.9,88216.8,11.8167,6714.6,342
"Rocklin, CA",0662364,114751.5,2013,6316.2,85932.1,7.7584,6332.9,156
"Petaluma, CA",0656784,114459.1,1920.4,6153.7,84175.8,10.4607,6576,150
"La Mesa, CA",0640004,113941.2,1824.8,5160.1,79824.9,14.8851,6613.1,331
"Buena Park, CA",0608786,113862.3,2087.8,5156.6,78962.2,13.1821,5942,200
"Apple Valley, CA",0602364,113095.4,1701.2,4833.7,76424.5,23.3213,6822.5,178
"Davis, CA",0618100,112329.5,2147,6273.2,85751.8,26.6529,5930.4,145
"Carson, CA",0611530,112003.4,2028.4,4826.9,77356.7,9.4867,5892.8,167
"Cupertino, CA",0617610,109221.3,2812.1,7624.3,88962.6,4.5319,4704.6,199
"Palm Springs, CA",0655254,109121.8,1585.9,4810.3,73210.1,18.2591,6957.3,256
"Turlock, CA",0680812,108757.8,1709,4727.2,74581.2,19.031,6316.5,173
"Rialto, CA",0660466,108316.8,1651.2,4058.1,72003.8,22.6024,6181.7,98
"Novato, CA",0652582,108045.4,1867.1,6157.6,80679.4,8.2706,6202.3,169
"Lodi, CA",0642202,106997.8,1663.9,4652,72646,21.8334,6309.4,182
"Manteca, CA",0645484,106506,1708.3,4610.9,73038.1,12.5576,6023.8,131
"Rancho Cordova, CA",0659444,105774.9,1722.9,4336.5,71947.7,18.6116,5879.8,128
"South San Francisco, CA",0673262,104628.7,2058.5,5274.6,75051.9,7.9347,5294.3,191
"South Gate, CA",0673080,104478.7,1535.6,3737.7,67364.6,23.7461,6110.3,78
"Santee, CA",0670224,103626.9,1686.5,5109.6,74399.8,9.5579,5905.6,95
"Merced, CA",0646898,103486.4,1609.1,3962.8,68862.4,30.6043,5959.3,255
"Union City, CA",0681204,103201.9,2268.1,5478.4,76172.3,7.8462,4752.2,153
"Chino, CA",0613210,102642.1,1773.9,4961.5,73495.1,11.396,5563.4,195
"Hawthorne, CA",0632548,100779.1,1615.4,3556.5,67322.5,21.5157,5575.6,145
"Santa Cruz, CA",0669112,99266,1691.1,5280.8,73597.6,20.1534,5663,215
"Fountain Valley, CA",0625380,98257.2,1874.3,5280.3,71506.2,7.8748,5201.4,400
"Bellflower, CA",0604982,98240.5,1587.3,3746.2,65468.8,17.9679,5471.8,167
"Yuba City, CA",0686972,98124.8,1572.4,4078.4,66014.2,21.3374,5584.1,189
"Milpitas, CA",0647766,97672.2,2363.3,5531.8,74039.4,6.4117,4153.8,227
"Aliso Viejo, CA",0600947,97063.8,1942.5,6237.5,78237.1,5.0822,4887.3,146
"West Hollywood, CA",0684410,96024.3,1631.3,5039.3,71522.7,17.2641,5488.3,261
"Arcadia, CA",0602462,95662.5,2074.3,5223.8,69825.2,11.1877,4583,384
"Danville, CA",0617988,94437.3,1904.1,6887.4,77825.1,4.564,5038.6,159
"La Habra, CA",0639290,94170.5,1576.2,4417.4,65981.8,15.4289,5273,126
"Lincoln, CA",0641474,93594.9,1490.9,4540.3,65685.8,10.4079,5506.7,73
"Yucaipa, CA",0687042,93127.4,1439,4332,64561.1,14.4904,5527.4,96
"Woodland, CA",0686328,92548.4,1473.4,4125.3,63823.2,13.2311,5327.2,111
"Rancho Santa Margarita, CA",0659587,92133,1790.7,5942.1,74137.9,5.0438,4752.1,79
"Poway, CA",0658520,91806.8,1692.8,5608.2,70697.4,5.9237,5017,225
"Diamond Bar, CA",0619192,91035.8,1970,4920.8,67068.7,6.4486,4278,203
"Brentwood, CA",0608142,90918,1641.1,5175.9,69081.4,7.4599,4924.6,109
"Monterey Park, CA",0648914,89865.5,1849.8,3814.5,59380.4,17.7156,4257.1,251
"Glendora, CA",0630014,89718.1,1514.1,4725.6,65084.6,8.8847,5115.6,211
"Montebello, CA",0648816,87759.7,1389,3533.3,57970.9,18.6178,5082.8,204
"Rancho Palos Verdes, CA",0659514,87629.4,1805.3,5953,69307,5.3461,4663.3,151
"Pittsburg, CA",0657456,86973.3,1498.2,3701.3,60298.8,18.1474,4670.8,82
"Placentia, CA",0657526,85558.2,1533.5,4576.5,62919,14.4738,4679,163
"El Dorado Hills, CA",0621880,83761.6,1616.8,5726.6,67630.7,3.6612,4496.6,112
"Campbell, CA",0610345,83751.6,1606.8,4954.5,64374,9.2947,4425.2,167
"Cathedral City, CA",0612048,83580.7,1233.4,3369.7,55082.4,21.2729,5071.4,82
"West Sacramento, CA",0684816,83017.1,1358.3,3682.8,57694.9,19.4941,4656.8,74
"Hacienda Heights, CA",0631596,82951.1,1586.4,4007.8,57835.9,9.4556,4261.4,129
"La Quinta, CA",0640354,82579.4,1354.8,4497.2,60010.7,9.8387,4897.6,85
"San Luis Obispo, CA",0668154,82390.2,1351.2,3996.2,59682.1,29.5067,4776.6,354
"Pico Rivera, CA",0656924,82269,1225.6,3333.4,54368,15.8944,4901.8,88
"Dublin, CA",0620018,81736.8,1795,5405.5,66535.7,4.0624,3874,148
"Cypress, CA",0617750,81468.7,1572.8,4309,59449.2,7.8525,4214.9,171
"Compton, CA",0615044,80511.6,1188.3,2588.4,52216.1,29.0002,4659.4,84
"Tulare, CA",0680644,80116.6,1202.7,3134.8,53272.5,23.2076,4679.5,104
"Gardena, CA",0628168,80116.5,1412.2,2957.3,52566.2,16.1387,4218.8,129
"Baldwin Park, CA",0603666,80099.7,1301.2,3116.6,52480.3,19.6185,4431.3,85
"Hanford, CA",0631960,79456.1,1261.2,3499,55170.2,20.6653,4549.4,149
"Culver City, CA",0617568,79160.4,1439.7,4375.2,59245.1,8.7498,4352.3,210
"Manhattan Beach, CA",0645400,78960.2,1614,6132.7,67156.3,3.6333,4198.6,205
"Cerritos, CA",0612552,78038.7,1713.7,4061.6,56094.4,6.9886,3636.9,203
"Dana Point, CA",0617946,77241.4,1339.1,4636.9,58703.4,10.0736,4479.9,115
"La Mirada, CA",0640032,77210.7,1352.5,3936.8,55206.1,7.2118,4289.4,110
"Covina, CA",0616742,77113.3,1294.4,3653.6,54369.3,12.8935,4329.2,201
"Martinez, CA",0646114,77060.3,1338.9,4249.5,57454.5,6.7296,4324.9,66
"Beverly Hills, CA",0606308,76017.6,1416.2,4916.8,59489.9,9.5214,4289.2,1015
"Pacifica, CA",0654806,75874.7,1451.1,4553.1,58488,5.1679,4039.2,45
"San Bruno, CA",0665028,75261.2,1444,3968,55106,7.8261,3902.2,120
"South Whittier, CA",0673430,75193.2,1196,3315.6,51811.5,14.3719,4282.1,77
"Brea, CA",0608100,75162.9,1373.7,4134.5,55702,6.4912,4073.8,159
"Gilroy, CA",0629504,74844.1,1321.9,4063.6,55682.8,15.8916,4093.3,128
"Lake Elsinore, CA",0639486,73985.5,1208.2,3281.5,51859.4,17.2417,4077.7,47
"Rohnert Park, CA",0662546,73966.8,1188.8,3409.2,52129.5,14.2509,4248.3,87
"Eastvale, CA",0621230,73522.9,1578.6,4462.9,58725.9,4.3856,3389.5,53
"Perris, CA",0656700,73136.4,1130.8,2633.6,48211.2,29.9686,4039.9,39
"Pleasant Hill, CA",0657764,72732.1,1320.4,4171.6,54828,9.5131,4027.8,137
"Highland, CA",0633588,71694.7,1195.8,3321.9,50721.3,23.5587,3989.4,66
"Altadena, CA",0601290,71388.1,1257.2,3929.3,53912.3,10.4363,4006.2,93
"Los Gatos, CA",0644112,71166.7,1446.2,5310,59132.8,4.8371,3821.4,325
"Porterville, CA",0658240,69204.4,1026.6,2577.2,45194.5,32.0425,4066.6,134
"Newark, CA",0650916,69137.1,1345.4,3598.2,50780,8.1179,3491.4,89
"Fair Oaks, CA",0623294,69120.8,1159.3,3809.5,50923.6,9.8563,4030.6,103
"Morgan Hill, CA",0649278,69109.1,1302,4315.1,53805.5,13.1936,3705.9,93
"Madera, CA",0645022,69095.6,1012.5,2461.6,44614.4,32.7685,4053.4,99
"Orangevale, CA",0654092,68902.3,1096.9,3342.1,48758.5,8.5214,4008.9,74
"Antelope, CA",0602210,68510.3,1200.5,3188.6,48873,12.4446,3603.9,31
"Rowland Heights, CA",0663218,68446.7,1419.6,3071.8,46503.9,13.4007,3212.3,162
"Seal Beach, CA",0670686,67289.1,1016.3,3320.5,45865,9.5628,4299.1,94
"Menlo Park, CA",0646870,67103.9,1362.1,4789.9,55157.2,8.3055,3553.3,135
"National City, CA",0650398,66942.6,1074.3,2363,42796.7,25.1615,3769,172
"San Carlos, CA",0665070,66340.2,1329.2,4751,54200.4,4.2155,3537.7,109
"Los Altos, CA",0643280,66207.6,1436,5121.3,55081.5,2.4657,3447.8,133
"Saratoga, CA",0670280,65363.5,1523.8,4951.6,53961.7,4.0507,3214.6,106
"Monrovia, CA",0648648,65069.8,1126,3300.2,47227.1,11.4289,3634,83
"San Jacinto, CA",0667112,64046.6,942.1,2448.2,41903.8,21.3954,3808.9,45
"Foster City, CA",0625338,63686.5,1498.3,4256.9,51428.4,5.1829,2935.5,95
"San Dimas, CA",0666070,62835.1,1086,3440.8,46221,8.1975,3570.6,124
"Colton, CA",0614890,62748.7,948.9,2242.9,40962.2,24.7545,3602.2,105
"Burlingame, CA",0609066,62602.8,1224.2,3748.4,47812.6,9.4787,3298.1,173
"San Juan Capistrano, CA",0668028,62290.5,1053.1,3578.9,46272.2,12.4288,3640.6,131
"North Highlands, CA",0651924,62275.3,908.7,2157.4,39855.5,28.6949,3701.4,66
"Huntington Park, CA",0636056,62017.9,902.9,2108.9,39521.2,31.7953,3656.4,129
"Rosemead, CA",0662896,61948,1183.2,2270.3,39256.3,20.0614,3014.6,130
"Lynwood, CA",0644574,61407.1,923,2166.5,40078,24.7364,3496.3,129
"El Centro, CA",0621782,61191.1,913.1,2483.6,40868.1,25.5921,3658.3,134
"Beaumont, CA",0604758,60880.7,1000.2,2820.5,42859.3,14.9192,3403.4,48
"Watsonville, CA",0683668,60663.2,909.4,2263.3,39585,26.4301,3544.5,146
"Florin, CA",0624498,60394.7,985.8,2026.6,38249.5,28.4148,3293,62
"Claremont, CA",0613756,60282.8,1066.3,3455.4,44866.8,9.2281,3446.7,168
"Lompoc, CA",0642524,59823.7,913.4,2414.2,40252.8,21.7338,3504.4,71
"Ceres, CA",0612524,59530,916,2306.7,39409,24.1514,3403.2,32
"La Verne, CA",0640830,59317.9,985.1,3141.9,42917.7,8.6018,3459.9,69
"Azusa, CA",0603386,59236.7,961.5,2563.6,40606.6,16.9452,3327.8,60
"Laguna Beach, CA",0639178,59200.9,1078.3,3962.5,46875.2,8.9058,3395.4,119
"Moorpark, CA",0649138,58940.9,1097.1,3714.9,46470.3,5.7591,3165.1,49
"Laguna Hills, CA",0639220,58104.9,1061.2,3469.6,44114.8,8.5703,3207.2,364
"Monterey, CA",0648872,58090.1,962,2799.6,41437.2,8.8548,3340.7,291
"Benicia, CA",0605290,57947.2,1054.4,3409,44372.7,6.9174,3200.2,60
"Belmont, CA",0605108,57905.3,1189.9,3895.4,46375,5.9234,3000.2,66
"Paradise, Butte County, CA",0655520,57323.4,766.7,2169.3,36367,18.4695,3730.2,119
"Paramount, CA",0655618,56774.7,861.5,1998.9,37084,25.8444,3226.4,72
"Oakley, CA",0653070,56458,979.9,2936.1,41723.8,10.4963,3059.2,30
"San Gabriel, CA",0667042,56440.7,1152,2455.9,38188.1,15.0612,2683.8,210
"Lafayette, CA",0639122,55944.4,1119.2,4187.7,46346.6,3.5756,3043.1,124
"Orcutt, CA",0654120,55748.5,892.9,2789.9,39623.8,7.5646,3281,64
"Laguna Woods, CA",0639259,55543.9,675.4,1940.2,32689.3,10.9423,3957.2,38
"Temple City, CA",0678148,55416.9,1086.7,2493.6,37683.8,11.2019,2747.8,100
"Florence-Graham, CA",0624477,55278.2,798.5,1772,35023.5,32.5773,3233.8,32
"Atascadero, CA",0603064,55110.4,880.1,2672.7,39214.2,11.6241,3206.3,115
"Goleta, CA",0630378,53952.3,948.1,2912.8,40099.9,8.5877,3001.5,67
"El Paso de Robles (Paso Robles), CA",0622300,53333.7,836.3,2426.6,36991.8,14.1599,3117.7,59
"Ridgecrest, CA",0660704,53024.9,836,2393.1,36956.5,13.7172,3070.9,59
"Oildale, CA",0653448,52824.4,757.6,1926.9,34287,31.1437,3201.2,40
"Wildomar, CA",0685446,52612.6,858,2550.7,37309,13.071,2996.4,57
"North Tustin, CA",0652379,52184.4,995.8,3663.8,41882.5,4.1854,2905.5,116
"Banning, CA",0603820,52173.1,691.3,1762.7,31896.2,21.7205,3383.4,49
"El Cerrito, Contra Costa County, CA",0621796,51446.5,976.5,2763.3,37857.9,7.8415,2741.2,71
"Hollister, CA",0634120,51444.8,825,2353.6,35973.2,14.6443,2905.7,69
"Foothill Farms, CA",0624722,51097,777.1,1882.8,33774.8,26.3363,2930.7,29
"Fallbrook, CA",0623462,50947.4,792.4,2325.3,35120.1,18.3662,3016.4,63
"South Pasadena, CA",0673220,50861.8,1044.4,3076.1,39360.2,9.3405,2585.7,103
"Rancho Mirage, CA",0659500,50109.5,785.9,2788.1,35922,13.7465,3191.4,220
"Stanton, CA",0673962,49210.2,839.3,1962.2,32632,20.2165,2659.2,77
"Windsor, CA",0685922,48699.6,803.1,2537.1,35400.1,5.9574,2788,47
"Hermosa Beach, CA",0633364,48294.8,955,3433,40200.9,4.2651,2536.5,101
"Calabasas, CA",0609598,48019.5,958.9,3570,39863.2,5.945,2582.9,119
"Calexico, CA",0609710,47674.2,680,1716.2,30459.1,24.0919,2892.7,23
"Los Banos, CA",0644028,46778.4,710,1832.8,31010.2,29.8063,2714,46
"La Presa, CA",0640326,46577.6,763.9,1959.4,31971.1,14.5876,2595.4,40
"Eureka, CA",0623042,46366.7,657.3,1676.1,30049.5,27.2413,2842.6,133
"Delano, CA",0618394,45637.4,717.8,1569,29034.8,25.8091,2532,69
"Granite Bay, CA",0630693,45622.8,868.6,3230.4,36890.2,4.8934,2526.1,49
"Seaside, CA",0670742,45530.3,765.5,1973.7,31609.6,18.0213,2502.2,25
"La Puente, CA",0640340,44613.8,692.9,1707.1,29094.7,13.674,2552.4,40
"Spring Valley, San Diego County, CA",0673696,44469.4,722.1,1993.5,31082.8,14.5482,2514,34
"Walnut, CA",0683332,44296.3,1027.9,2498,32926.2,5.9329,1979.7,82
"Montclair, CA",0648788,43111,673.5,1641.9,28320.6,20.8449,2440.3,114
"Rancho San Diego, CA",0659550,42650.4,728,2342.3,31641.6,6.7018,2423.5,32
"Orinda, CA",0654232,42222.7,865.6,3306.2,35305.9,2.8967,2301.5,60
"Millbrae, CA",0647486,42112,859.8,2340.2,31028.5,6.6181,2138.5,60
"Coachella, CA",0614260,41954.3,618.2,1446.2,26915.8,30.8396,2390,23
"Agoura Hills, CA",0600394,41328.3,801.4,2899.3,33543.9,7.2406,2237.6,103
"Suisun City, CA",0675630,41218.9,751.8,1921.5,29759.6,14.4988,2138.8,22
"Bell Gardens, CA",0604996,40882.2,602.1,1358,26005.4,29.5145,2365,33
"Ladera Ranch, CA",0639114,40809.3,905.2,3187.8,35722.1,4.1587,1916.6,39
"La Cañada Flintridge, CA",0639003,40695.9,879.6,3123,33890.3,2.9623,2114.3,102
"Coronado, CA",0616378,40360.4,713.4,2477.9,31094.5,5.5839,2323.6,69
"Santa Paula, CA",0670042,40314,612.4,1745.2,27280.1,19.483,2400.5,40
"Lawndale, CA",0640886,40296,643.5,1491.8,26604.9,20.4414,2242.4,72
"Imperial Beach, CA",0636294,40185,629.7,1568.5,26868.9,23.1948,2305.6,26
"Norco, CA",0651560,40005.4,679.3,2221.4,29617.1,9.3495,2274.7,42
"Atwater, CA",0603162,39730.5,592.9,1514.3,25999.8,29.6087,2346.7,24
"San Lorenzo, CA",0668112,39618.3,688.5,1814.3,27500,8.8746,2143.9,27
"Hercules, CA",0633308,39116.9,844.1,2062.8,29338.3,6.8842,1835.4,40
"Yucca Valley, CA",0687056,38987.4,545.6,1471.8,25044.9,20.752,2440.5,57
"South Lake Tahoe, CA",0673108,38898.3,579.9,1542.7,25930.3,19.5753,2329,68
"Lakeside, CA",0639766,38557.8,606.4,1824.1,27110.1,13.2053,2249.7,21
"Rosemont, CA",0662910,38370.2,621,1567.7,26170.4,18.687,2140.3,37
"Winter Gardens, CA",0685992,38212.3,601.6,1768.7,26683.4,13.6062,2225.4,35
"Casa de Oro-Mount Helix, CA",0611691,38034.6,646.8,2177.5,28392.2,11.3739,2210.9,47
"Bell, CA",0604870,37901.6,547.6,1261.4,23988.9,30.6989,2232.6,35
"Lomita, CA",0642468,37849.4,645.2,1795.6,26669.3,13.0971,2125.3,90
"Loma Linda, CA",0642370,37768.7,712.4,1832.7,27173.9,15.5006,1971,154
"Lemon Grove, CA",0641124,37723.3,585.5,1513.8,25406.8,19.2167,2181.8,49
"Galt, CA",0628112,37530.7,582.8,1613.1,25519.9,17.0573,2158.3,25
"Albany, CA",0600674,37232.6,749.7,2047.1,27862.9,10.6263,1860.4,80
"Cameron Park, CA",0610256,37106.7,615.4,1997.3,27258.6,5.5203,2150.1,37
"Arroyo Grande, CA",0602868,37085.1,581.1,1800.8,25981.5,9.2554,2226.6,67
"La Crescenta-Montrose, CA",0639045,36899.2,712.6,2137.3,27807.5,7.8065,1947.4,63
"Desert Hot Springs, CA",0618996,36879.1,512.9,1192,23087.9,32.0899,2248.3,36
"Oakdale, CA",0652694,36641.6,572.1,1650.3,25373.6,16.3599,2144.2,37
"Vineyard, CA",0682852,36469.4,698.5,1777.3,26358.2,15.8019,1817.7,29
"El Segundo, CA",0622412,35779.8,665.1,2185.6,27933.4,6.2136,1943,69
"Pacific Grove, CA",0654848,35688.9,587.9,1861.8,25848.8,8.7697,2111.3,52
"San Pablo, CA",0668294,35640.4,568.3,1226,22977.1,20.4017,1970.5,61
"Lemoore, CA",0641152,35369.8,583.1,1544.1,24755.3,22.1095,1953.5,21
"Brawley, CA",0608058,35238.8,512.8,1357,23034.8,21.3909,2123.2,52
"Ramona, CA",0659346,34740.1,560.8,1724.1,24835.3,16.0923,2005.3,37
"Mill Valley, CA",0647710,34536.7,661.1,2521.7,28278.1,3.2081,1952.3,64
"Moraga, CA",0649187,34283.7,696.3,2517.3,27989.6,3.7011,1854.3,34
"Pinole, CA",0657288,34053.1,611.4,1681.1,24447.1,8.5368,1851.2,93
"French Valley, CA",0626067,33990.1,633.4,1820.1,25754.2,3.49,1708.4,16
"West Whittier-Los Nietos, CA",0684921,33874.8,510.4,1429.1,22766.5,12.1515,2008,29
"West Carson, CA",0684144,33686.6,604.9,1505.7,23057.2,9.9038,1796.2,58
"Alamo, CA",0600618,33561.5,672.7,2599.1,28023.1,3.6755,1838.4,45
"Barstow, CA",0604030,33426.9,492.3,1214.4,21943.8,30.363,1986.1,34
"Duarte, CA",0619990,33141.1,547.4,1468.6,22622,13.5436,1885.2,65
"Twentynine Palms, CA",0680994,32919.5,522,1256.5,22198.4,15.6506,1841.8,15
"Riverbank, CA",0661068,32831.4,518.7,1438.4,22595.8,19.2261,1867.9,25
"Port Hueneme, CA",0658296,32078.2,495.2,1286.2,21422.7,17.4565,1875.3,21
"Truckee, CA",0680588,32066.7,531.7,1697,23600.7,11.258,1812.6,62
"Castaic, CA",0611796,32013.4,626.4,2092.7,25806.6,7.8965,1645.2,12
"Prunedale, CA",0658870,31723.2,516,1612.1,22676.4,11.689,1836.9,23
"Live Oak, Santa Cruz County, CA",0641922,31585.7,508.1,1527.9,22402.6,16.2962,1841.4,115
"Sanger, CA",0667056,31359,459.9,1163,20321.5,28.5898,1851.5,37
"Reedley, CA",0660242,31279.9,468.9,1202.6,20427.8,27.0093,1827,38
"Solana Beach, CA",0672506,31243.4,564,2021.3,24413.8,8.6919,1784.5,123
"Adelanto, CA",0600296,31067,460,1002.1,19948,35.8152,1762.4,8
"Larkspur, CA",0640438,30860.6,553.3,1961.3,23915.6,4.6878,1795,96
"Los Osos, CA",0644182,30769.5,467.7,1385.8,21020.3,9.5826,1857.2,41
"Palos Verdes Estates, CA",0655380,30622.1,631.2,2361.6,25329.2,3.4935,1677.5,70
"Marina, CA",0645778,30570.1,530.6,1333.9,21033.2,19.1514,1671,24
"Stevenson Ranch, CA",0674130,30503.1,647.8,2072.6,25010.6,5.9889,1493.2,34
"Dixon, CA",0619402,30470.5,508,1499.8,21905.3,10.9888,1701.1,21
"Auburn, CA",0603204,30376.8,461.6,1421.8,21080.9,14.3452,1861.8,78
"Coto de Caza, CA",0616580,30113.4,642.9,2535.1,26409.8,2.3968,1549.6,19
"Rosamond, CA",0662826,29587.4,466.7,1293.3,20555.4,25.7502,1685.9,8
"Selma, CA",0670882,29529.1,428.7,1065.2,18964.2,29.4058,1754.9,37
"Ashland, CA",0602980,29379.3,498.1,1059.3,19540.2,17.3836,1557,42
"Oak Park, CA",0653116,29227.9,588.6,2134,24374.2,6.1402,1542.9,18
"Willowbrook, CA",0685614,29130.3,419.3,893.9,18640.2,30.6184,1722.9,29
"Nipomo, CA",0651476,29084.6,459.6,1357.5,20306.1,12.1185,1687.6,24
"San Anselmo, CA",0664434,29018.4,529.2,1915.2,23055.8,7.5306,1638.6,42
"Alpine, CA",0601192,28979.8,495.6,1677,21783,9.6715,1665.1,25
"Malibu, CA",0645246,28921.2,558.8,2225,24138.5,10.3262,1638.9,63
"McKinleyville, CA",0644910,28768.7,421.9,1163.1,19197.6,16.2761,1726.8,30
"East Palo Alto, CA",0620956,28275.6,479.1,1154.5,19571.4,19.4142,1522.8,44
"San Fernando, CA",0666140,28053.3,417.2,1070.6,18348.4,23.0209,1642.3,60
"Arcata, CA",0602476,28003.5,419.1,1101.7,19113,31.6466,1663.7,62
"Maywood, CA",0646492,27993.9,407,937.2,17815.6,28.3682,1631.7,28
"American Canyon, CA",0601640,27879.5,550.6,1439.9,20470.1,7.7209,1385,45
"Valle Vista, CA",0681708,27805.2,390.7,1121.3,18084.7,22.375,1749.6,18
"Westmont, CA",0684592,27695.8,402.5,774.6,17796,35.7329,1621,34
"Discovery Bay, CA",0619339,27596.5,507.6,1756,21833.1,8.923,1500.9,3
"Bay Point, CA",0604415,27570.9,439.5,1053.3,18337,26.6397,1531.2,21
"Patterson, CA",0656112,27233.7,444,1178.3,18915.7,20.5425,1501,21
"East Hemet, CA",0620697,27076.3,406.4,1120.4,18141.7,22.637,1608.1,19
"Ukiah, CA",0681134,26889.5,383.9,1019.8,17541.9,25.1021,1670.4,68
"North Auburn, CA",0651637,26654.3,390.1,1168.4,17887.2,12.4834,1671.4,73
"Ripon, CA",0661026,26562.1,449.1,1443.8,19560.3,9.9818,1509.3,22
"Rosedale, CA",0662854,26219.3,488,1695.1,20853.3,8.7156,1397.5,20
"Tamalpais-Homestead Valley, CA",0677805,26168.8,503.6,1885.6,21409.1,4.8511,1444.9,39
"Grass Valley, CA",0630798,26048.8,361.4,1002,16840.7,24.113,1682.9,96
"Marina del Rey, CA",0645806,25770.1,490.3,1613.2,20726.5,13.4416,1387.8,67
"Valinda, CA",0681638,25632.5,421.4,1081.5,17338.8,12.9292,1414.8,23
"Sonoma, CA",0672646,25629.6,406,1347.5,18317.5,8.5076,1574.2,40
"La Palma, CA",0640256,25516.6,537.9,1402.3,18779.3,8.0111,1250.3,60
"Sierra Madre, CA",0671806,25503.5,449.7,1532.7,19475.6,10.4396,1462.4,44
"Bloomington, CA",0607064,25375.7,370.2,905.2,16229.2,25.8528,1480,10
"Dinuba, CA",0619318,25242.8,363.5,867.1,16010.8,32.4195,1490.8,28
"Bostonia, CA",0607624,25240.2,375.9,945.8,16632.8,24.067,1487.2,32
"Piedmont, CA",0656938,24997.8,567.7,2166.4,21979,1.8393,1279.1,25
"Woodcrest, CA",0686244,24968.2,439.9,1440.9,18849.6,10.833,1389.9,27
"Scotts Valley, CA",0670588,24877.2,454.9,1648.5,19766.4,5.0156,1402.2,42
"Clayton, CA",0613882,24852.1,470,1703.5,19934.6,4.31,1371.2,17
"East San Gabriel, CA",0621096,24615,505.3,1240.2,17688.5,9.9392,1202.8,23
"San Marino, CA",0668224,24411.6,577.7,1733.9,19567.2,5.3788,1163.1,69
"West Puente Valley, CA",0684774,24400.6,373.8,953.8,15942.4,15.3509,1416.1,25
"Emeryville, CA",0622594,24397.6,482.5,1221.9,18244.7,10.6046,1214.1,33
"Morro Bay, CA",0649362,24320.2,365,1100.9,16601.9,13.0667,1501.7,33
"Desert Palms, CA",0619022,24315.3,328.6,1108.8,15810.4,4.2455,1677.9,16
"Rio Linda, CA",0660942,24296.4,366.1,998.2,16246.8,15.9119,1428.7,10
"Lake Arrowhead, CA",0639444,24279.8,375.2,1157.1,17032.9,10.5861,1449,5
"Big Bear City, CA",0606406,24251.7,338.4,921.3,15599.6,24.4477,1507.6,9
"Carpinteria, CA",0611446,24029.8,388.8,1213.2,17205.2,9.4116,1415.1,26
"Oroville, CA",0654386,23889.8,340.1,850.3,15294.8,23.8775,1467.7,39
"Grover Beach, CA",0631393,23827.2,365.3,991.7,16085.8,14.6496,1396.8,24
"Hillsborough, CA",0633798,23722.1,568,2078.6,20797.2,2.915,1186.7,40
"Clearlake, CA",0613945,23617.7,298,713.3,14264.3,41.2308,1543.8,42
"Magalia, CA",0645120,23560.3,310.2,850.2,14649.8,15.4723,1527.9,17
"Bonita, CA",0607414,23447,412.2,1295.1,17318.4,8.3599,1319.5,35
"Half Moon Bay, CA",0631708,23366.5,422.1,1516.6,18163.7,10.8251,1332.3,28
"Cudahy, CA",0617498,23340,346.4,772.3,14823.8,34.4982,1347.8,17
"Linda, CA",0641572,23332,351.7,797.3,14968.5,28.1717,1330.5,24
"Diamond Springs, CA",0619220,23303.2,331.2,982.8,15387.8,10.1753,1472.3,36
"Lathrop, CA",0640704,23272.6,411.4,982.4,15947.8,8.6351,1196.3,22
"Santa Fe Springs, CA",0669154,23087.2,340.8,919.2,15148.4,11.4102,1394.2,52
"Phelan, CA",0656826,23057.6,345.3,963.1,15417.3,19.6518,1367.6,19
"Wasco, CA",0683542,22681.4,328.5,769.9,14470.5,24.9674,1330.1,15
"El Sobrante, Contra Costa County, CA",0622454,22480,390.8,1040.5,15787.4,9.3623,1234,37
"Imperial, CA",0636280,22274.7,350.5,974.1,15431.9,17.7342,1259,21
"Sausalito, CA",0670364,22271.1,418.1,1591.5,18195.9,6.8707,1272.8,32
"Red Bluff, CA",0659892,22152.3,307.7,753.3,13997.8,25.4267,1365.8,56
"Healdsburg, CA",0633056,22131.9,340.3,1055.5,15473.1,14.0981,1339,39
"Tiburon, CA",0678666,21881.5,422,1628.7,17877.5,6.1777,1246.4,22
"Rio del Mar, CA",0660928,21789.6,385,1390,16958.3,9.7098,1262.1,37
"Canyon Lake, CA",0610928,21769.6,362.2,1181.1,15993,11.3808,1258.7,10
"Corte Madera, CA",0616462,21624.3,409.3,1490.5,17407.3,3.735,1204.8,80
"Rossmoor, CA",0663050,21573.5,400.2,1441.7,16961.3,5.1198,1215.6,78
"Lennox, CA",0641180,21519.8,313.4,694.4,13582.3,37.8238,1252.4,15
"Capitola, CA",0611040,21479.3,336,1014.2,15032.2,10.7857,1287,53
"Grand Terrace, CA",0630658,21398.5,350.1,1024.8,15169.2,13.1564,1225.4,28
"Los Alamitos, CA",0643224,21363,389.2,1180.6,15935.5,8.4183,1163.7,102
"South El Monte, CA",0672996,21274.4,331.5,801.3,13741.4,24.0675,1215.5,40
"Crestline, CA",0617162,21254.7,308.1,880.8,14153.8,21.8482,1297.1,0
"Fortuna, CA",0625296,21234.3,294.4,801.4,13612.5,24.0602,1340.2,36
"Artesia, CA",0602896,21148.6,390.4,892.6,14223.9,14.9413,1089.7,85
"Fillmore, CA",0624092,20928.5,319.2,915.9,14239.4,15.3076,1235.4,20
"Blackhawk, CA",0606928,20922.3,458.9,1670.5,17918.1,3.3122,1070.8,18
"Montecito, CA",0648844,20559.6,365.8,1413.3,16161.1,9.8709,1231.8,39
"San Diego Country Estates, CA",0666004,20525.5,355.4,1204.5,15633,5.3104,1147,15
"Blythe, CA",0607218,20468.8,309.9,834.7,13752.8,12.1756,1215.7,20
"La Riviera, CA",0640410,20442.8,328.1,886.1,14152.7,27.6425,1169.4,16
"Soquel, CA",0672688,20432,340.6,1143.9,15132.7,10.5102,1193.4,51
"El Sobrante, Riverside County, CA",0622457,20356.3,393.3,1186.8,15777.5,11.1031,1037.1,21
"Placerville, CA",0657540,20341.8,299.7,885,13761.8,14.8311,1258.3,44
"South San Jose Hills, CA",0673290,20283.4,310.9,736.1,12962.9,16.4095,1152.1,27
"Mead Valley, CA",0646646,20249.9,295.5,738.4,13101.2,28.806,1193.7,15
"Salida, CA",0664210,20069.7,328.9,908.6,14113.5,8.7211,1099,12
"Pismo Beach, CA",0657414,20059.4,315.7,1024.7,14294.2,5.5864,1220.4,59
"Cherryland, CA",0612902,19978.6,322.2,750.2,13354.4,22.187,1108,31
"Avocado Heights, CA",0603344,19800.8,323.6,913.5,13738.9,15.465,1121.1,31
"Shafter, CA",0671106,19720.9,289.4,711.1,12737.9,23.5516,1148,14
"Marysville, CA",0646170,19629.4,283.7,700.5,12673.3,28.3597,1185.2,24
"Gold River, CA",0630345,19598,370.9,1268.6,15254,4.2235,1087.7,19
"Topanga, CA",0678960,19462.9,378.1,1463.3,16175,9.3018,1078.1,26
"Kingsburg, CA",0638562,19209.2,299.3,865.1,13204.5,17.3703,1126,21
"California City, CA",0609780,18984.2,283.7,734.2,12772.4,32.4347,1114.8,11
"Westlake Village, CA",0684438,18784.9,347.7,1289.5,14925.6,5.2483,1072.1,123
"North Fair Oaks, CA",0651840,18763.6,310.2,880.7,13228.7,30.4728,1050.4,43
"Arvin, CA",0602924,18701.9,264.9,587.9,11665.5,38.254,1085.1,10
"Alum Rock, CA",0601458,18464.8,313.9,788,12553.6,17.8135,1000.6,21
"Olivehurst, CA",0653714,18413.8,263.9,624.4,11611.9,23.8009,1088,9
"Signal Hill, CA",0671876,18333.9,332.6,893.3,13353.9,19.537,970.4,32
"Fairfax, CA",0623168,18298.8,333.8,1230.3,14692.9,9.1708,1037.8,18
"Shasta Lake, CA",0671225,18023.3,243.9,621.3,11295.2,24.0308,1128.1,14
"Los Altos Hills, CA",0643294,18016.7,403.1,1460.9,15251.7,6.1445,935.3,30
"Parkway, CA",0655800,17902.3,276,584.5,11351.6,33.6522,1017.6,38
"Larkfield-Wikiup, CA",0640426,17882.2,292.1,945.9,13006.9,21.2412,1051.5,31
"Coalinga, CA",0614274,17864.3,272.2,727.6,12001.3,23.8311,1039.5,12
"Fairview, CA",0623350,17841.4,332.6,962.2,13424.1,12.9928,947.9,25
"Lakeland Village, CA",0639598,17840.7,273.1,749.9,12133.8,21.2469,1035.7,12
"Quartz Hill, CA",0659052,17837.2,280.2,799.9,12352,16.5125,1032,17
"Rolling Hills Estates, CA",0662644,17719.6,368,1274,14241,2.7333,949.9,29
"Soledad, CA",0672520,17614.1,280.9,732.1,11980.2,8.9948,974.3,13
"Kerman, CA",0638226,17356.6,270.5,693.1,11593.9,32.5986,983.9,12
"Rio Vista, CA",0660984,17291.2,253.4,751.8,11535,11.0341,1082.4,7
"Valley Center, CA",0681736,17107.8,282,920.6,12430.3,9.007,993,16
"Calimesa, CA",0609864,16956.6,233.5,680,10912.1,14.2592,1080.5,11
"Chowchilla, CA",0613294,16945.6,243.9,613.7,10936,15.8831,1016.1,9
"Anderson, CA",0602042,16864.5,231.4,569.3,10557.3,24.7131,1053.3,15
"Oroville East, CA",0654388,16753.5,233.3,669.6,10835.5,10.7718,1060.8,19
"Walnut Park, CA",0683402,16616.4,235.9,572.4,10535.1,27.3889,993.3,33
"Golden Hills, CA",0630282,16604.2,255.9,758.7,11517.1,16.9753,982.4,12
"Sebastopol, CA",0670770,16448.4,253.7,788,11554.8,9.5399,1000.6,39
"Greenfield, Monterey County, CA",0630994,16410,254.1,628.9,10877.1,29.379,914.6,16
"Cloverdale, CA",0614190,16292.7,241.3,702.5,10933.7,8.135,991.5,13
"Del Aire, CA",0618352,16252,278.9,829.4,11844.2,11.6783,900.3,22
"Country Club, CA",0616651,15993.3,231.3,573.3,10139.7,16.8151,966.2,34
"Ojai, CA",0653476,15853.4,257.5,871.5,11521,10.7249,960.7,28
"Bonadelle Ranchos-Madera Ranchos, CA",0607379,15826,254.8,810.1,11360.4,12.2255,916.4,9
"Commerce, CA",0614974,15751,232.4,605.9,10262.3,19.8923,944.9,23
"Exeter, CA",0623126,15644.9,225.2,583.5,10137,27.3297,942.4,20
"Spring Valley Lake, CA",0673700,15574.5,237.7,679,10569.7,10.7474,930.7,21
"Lemon Hill, CA",0641142,15480.9,230.3,441.9,9438.2,40.6672,885.7,13
"Templeton, CA",0678162,15423.9,248.7,797.6,11107.5,8.2694,903.8,66
"Hawaiian Gardens, CA",0632506,15399.6,238.8,526.4,9764.5,22.9571,871.6,29
"Kentfield, CA",0638114,15389.1,303.2,1216.1,12894.1,3.3373,867.9,63
"Stanford, CA",0673906,15385.2,333.4,903.2,12158.4,12.8168,729.2,11
"Indian Wells, CA",0636434,15317.3,246.4,910.4,11259.4,8.7527,971.9,30
"East Foothills, CA",0620598,15314.9,293.9,933.1,11724,6.7017,823.2,13
"Alta Sierra, CA",0601360,15283.9,226.5,707.9,10428.6,3.6063,943.9,6
"Cambria, CA",0610074,15248.5,234.8,789.4,10763.8,6.1196,953.7,16
"Susanville, CA",0677364,15248.4,229.6,625.8,10300.6,13.0005,905.1,29
"Corcoran, CA",0616224,15199.7,215.3,525.6,9671.4,18.1826,917.6,11
"Tehachapi, CA",0678092,14994.2,217.2,583.9,9839.2,11.1236,910.9,16
"Acton, CA",0600212,14987.9,254.2,872.4,11289.1,12.4666,859.9,6
"Atherton, CA",0603092,14987.8,319.3,1261.7,12827,5.1745,813.2,31
"Charter Oak, CA",0612734,14946.2,247.5,653.4,10295.1,11.3911,828.5,13
"Home Gardens, CA",0634302,14893.2,229.4,602.1,9946.6,21.6961,857.8,31
"Lake Los Angeles, CA",0639612,14804.7,214.7,543.2,9563,32.5419,878.2,5
"Lamont, CA",0640088,14797.6,215.2,501.8,9497,31.64,861.5,7
"Bermuda Dunes, CA",0606028,14693.6,248.5,766.4,10792.8,8.5043,832.7,11
"Sun Village, CA",0677308,14610,220,602.7,9830.7,18.6854,855.5,1
"Parlier, CA",0655856,14602.5,209.3,484.4,9206.5,32.7684,859.3,11
"Thousand Palms, CA",0678596,14579.1,186.6,494.4,8811.7,12.4692,959.4,14
"Pollock Pines, CA",0658030,14501,206.4,604.2,9539.2,13.6669,903.6,7
"Mira Monte, CA",0648046,14411.2,225.3,746.8,10275.5,10.2954,876.4,23
"Yreka, CA",0686944,14383,193,511.3,9039.6,30.3626,923.5,32
"Cotati, CA",0616560,14372.6,231.6,685.7,10191.5,15.1057,827.5,16
"Joshua Tree, CA",0637554,14339.4,202.1,551.2,9336.3,21.7728,890.8,13
"Mentone, CA",0646884,14317,223.6,618.7,9815,12.3084,826.4,12
"Isla Vista, CA",0636868,14313.9,247.6,545.2,10485,42.8176,777.1,22
"King City, CA",0638520,14252.7,222.2,568.5,9584,20.4807,803.9,16
"Oak Hills, CA",0652760,14223.9,233,699.7,10190.5,17.6957,799.9,6
"Mountain House, CA",0649582,14191.2,319.9,833.1,11332.5,6.2824,622.2,0
"Lucas Valley-Marinwood, CA",0644399,14145.3,271.1,1031.5,11580.6,5.0781,796.9,28
"Livingston, CA",0642006,14094.5,217.7,484.5,8896.1,22.3463,788.9,7
"Newman, CA",0651140,14074.9,209.9,533.7,9211.6,24.9793,820.3,10
"Rodeo, CA",0662490,13932.3,241.2,622.6,9723.6,12.831,757.7,15
"View Park-Windsor Hills, CA",0682667,13855.2,238.4,540,10359.9,10.3165,773.3,27
"Cherry Valley, CA",0612916,13846.2,190,560.5,8890.7,16.1411,897.1,11
"Aptos, CA",0602378,13788.9,229.8,771.6,10186.1,12.3496,807.3,18
"Mammoth Lakes, CA",0645358,13763.2,214.9,611.9,9661.9,10.8709,790.9,0
"Vandenberg Village, CA",0682086,13576.4,221.7,694.6,9771.3,4.5091,795,14
"Rancho Murieta, CA",0659506,13485.8,236.9,855,10482.7,3.7636,777.7,4
"Loomis, CA",0643140,13272.9,218.4,692.7,9586.1,5.4406,768.7,23
"Kensington, CA",0638086,13269,260.9,956.6,10790.6,3.5151,735.4,16
"Citrus, CA",0613560,13207.6,216.9,560.5,9008.3,12.5596,726.8,14
"Ben Lomond, CA",0605332,13139.7,220.2,738.3,9934.1,8.2744,751,7
"Garden Acres, CA",0628182,13109.4,186.7,440.3,8244.6,22.557,782.1,4
"Lindsay, CA",0641712,13059.3,186.7,446.9,8279.8,46.3574,775.1,15
"Escalon, CA",0622790,13003.7,198.3,584.4,8956.9,17.4967,771.4,11
"Strawberry, Marin County, CA",0675315,12697.3,239.1,841.7,9999.9,9.5842,717.4,23
"Woodside, CA",0686440,12617.2,256.4,1037.7,10712.7,5.227,699.5,33
"Piñon Hills, CA",0657302,12617,183.2,531.5,8321.6,25.3178,774,3
"Delhi, CA",0618464,12565.3,188.8,463,8166.2,17.0362,712.5,6
"Saranap, CA",0670266,12411.9,232.5,820.3,9810.8,8.3025,691.6,15
"Villa Park, CA",0682744,12400.1,250.2,942.2,10198.7,3.8531,683,21
"Madera Acres, CA",0645050,12265.4,187.8,528.8,8322.9,20.9949,713.8,7
"St. Helena, CA",0664140,12262.6,200.7,669.7,8962.5,9.7637,735.5,28
"El Granada, CA",0621936,12229.4,228.8,844.8,9784.6,6.473,678.3,5
"Fort Bragg, CA",0625058,12217.8,166.2,424.7,7715.4,25.1208,776.9,26
"East Rancho Dominguez, CA",0621034,12216.4,184.9,430.1,8000.1,25.8224,695.7,10
"Bear Valley Springs, CA",0604734,12192.3,186.7,595.3,8532.3,13.0179,739.7,7
"Lake Wildwood, CA",0639885,12137.4,176.1,559.9,8144.9,8.5953,773.8,9
"Winton, CA",0686076,11992,173.3,399.1,7554.5,28.7579,704.2,4
"Oceano, CA",0653294,11930.5,172,446.6,7694.9,18.4936,722.1,14
"Waterford, CA",0683612,11903.1,179.8,471.7,7916.2,19.4859,686.8,5
"San Martin, CA",0668238,11806.7,211.5,700.5,8959.7,7.619,658.9,14
"Alondra Park, CA",0601150,11734.1,198.6,498.8,8035.5,21.0923,640.4,18
"Del Monte Forest, CA",0618590,11674.1,206.7,787,9077.5,7.4074,701.7,7
"Farmersville, CA",0623616,11624.9,161.7,375.5,7228.4,34.3388,697,11
"Del Mar, CA",0618506,11563.3,214,802.4,9339.4,5.5931,658.5,41
"Silver Lakes, CA",0671964,11546.1,172.7,496.6,7763.8,17.1059,699.5,0
"McFarland, CA",0644826,11422.7,160.7,351.8,7066.7,35.4909,667,7
"Winters, CA",0686034,11420.2,176.3,506,7835.1,13.1446,665.7,9
"Jamul, CA",0637120,11286.4,203,687.4,8672.3,6.4118,623.5,9
"Taft, CA",0677574,11285.7,169.6,478.5,7659.4,15.8448,673.4,14
"Carmel-by-the-Sea, CA",0611250,11273.3,180.1,633.1,8202.5,9.9797,707.7,0
"Garnet, CA",0629112,11240.8,147.2,358.3,6815.9,24.0754,714.1,8
"Boulder Creek, CA",0607652,11187.2,186.7,617.5,8378.4,10.0801,640.5,6
"Corning, CA",0616322,11155.3,156.6,374.2,7032.2,22.8748,674.2,14
"Solvang, CA",0672576,11137.3,179.6,580.6,8014,6.5245,665.9,33
"Midway City, CA",0647430,11133.3,213.7,456.2,7347.2,21.0328,556.2,14
"Boyes Hot Springs, CA",0607848,11123.6,171.2,489.3,7635.9,22.0425,655.4,24
"Orland, CA",0654274,11112.5,156.8,394.3,7067.9,23.7116,675.6,11
"Portola Valley, CA",0658380,11098.6,227.7,934.8,9496.9,2.1098,622,11
"Durham, CA",0620270,10994.8,172.8,544.4,7750.9,14.1082,652,13
"Carmel Valley Village, CA",0611324,10898.6,182.8,659.8,8242.1,15.7002,656.3,17
"South San Gabriel, CA",0673276,10807.5,213.7,494.6,7409.3,17.4248,534.8,21
"Live Oak, Sutter County, CA",0641936,10770.3,157.2,381.8,6802.1,26.4799,638,7
"Lake San Marcos, CA",0639724,10743.7,157.9,476.8,7195.3,10.3216,674.6,21
"Old Fig Garden, CA",0653505,10671.4,170.3,546.2,7613.1,29.7226,639.1,26
"Las Flores, Orange County, CA",0640526,10666.4,224.6,749.4,8965.3,4.9336,518.4,11
"Wilton, CA",0685880,10629.5,180.9,615.5,7980.8,16.7014,613.2,6
"East Pasadena, CA",0620984,10602.2,199.5,579.5,7758.2,9.3325,568.4,38
"Hidden Valley Lake, CA",0633549,10592.7,166.2,510.5,7436.7,14.9264,621.6,5
"Guerneville, CA",0631470,10590.2,149.7,433.1,7037.4,22.5642,664.6,9
"Eucalyptus Hills, CA",0623000,10477.9,169.9,548.5,7593.4,6.2238,614.2,7
"Yosemite Lakes, CA",0686878,10435.5,156.6,474.2,7127.5,9.4532,628.1,4
"La Habra Heights, CA",0639304,10404.1,202,706.7,8162.9,3.8307,573.3,11
"Big Bear Lake, CA",0606434,10357.9,142.4,394.1,6631.7,18.0106,657.9,25
"Lucerne Valley, CA",0644420,10286.4,132,341.7,6288.9,19.8433,668.1,1
"Hughson, CA",0634904,10275.4,157.1,444.8,6991,22.5715,604.4,5
"Greenacres, CA",0630938,10258.2,165.1,502.2,7317.7,6.696,591.6,19
"Rancho Calaveras, CA",0659426,10242.2,156.5,473.6,7082.4,8.1081,609.6,5
"Colusa, CA",0614946,10161.7,152.1,417.1,6807.9,15.5264,602,14
"Mendota, CA",0646828,10157.2,140.8,299.3,6236.7,45.6419,602.3,5
"Twin Lakes, CA",0681050,10116.1,164.2,512.2,7339,16.6796,595.9,27
"Santa Ynez, CA",0670182,10084.2,176.9,645.6,7826,4.768,586.9,6
"Thermalito, CA",0678470,10055.4,138.3,336.4,6185.9,37.8973,621.9,13
"Lake Mathews, CA",0639645,9980.7,167.2,538.4,7308.2,14.1169,569.7,9
"Emerald Lake Hills, CA",0622587,9932,204.6,799,8488.7,3.6559,531,19
"Wrightwood, CA",0686594,9840.9,153.4,478.8,6965,6.323,584.6,0
"Running Springs, CA",0663316,9838,149.6,436.4,6742.5,14.0019,582.4,0
"Muscoy, CA",0650132,9837.3,140.7,323.3,6192.2,32.063,577.1,9
"Calistoga, CA",0609892,9828.7,147.2,441.9,6673.2,16.0817,603.2,11
"Jackson, CA",0636980,9779.2,137.5,382.6,6316.2,13.0425,620.5,40
"Homeland, CA",0634316,9748.3,125.2,317,5867.2,22.8394,635,2
"Gridley, CA",0631260,9743.4,136.2,337.9,6122.7,24.1202,598.4,13
"Mayflower Village, CA",0646436,9735.9,176.2,463.4,6804.7,6.7652,515.8,20
"Ladera Heights, CA",0639108,9725,174.4,451.6,7446.2,5.0074,539.1,17
"August, CA",0603209,9690.5,133.1,295,5970.3,45.1753,584,6
"Willows, CA",0685684,9623.5,141.6,382,6349.3,24.305,581.1,14
"Gonzales, CA",0630392,9557,152.8,394.8,6522.9,10.3528,530.4,9
"Good Hope, CA",0630410,9535.5,131.9,304.5,5915.7,34.3077,573.9,5
"Shingle Springs, CA",0671554,9532.3,157.8,542.7,7045.9,9.589,565.7,16
"Buellton, CA",0608758,9336.1,151.8,482.8,6805,8.4302,540.8,7
"Brisbane, CA",0608310,9334.1,185.3,552,7126.7,3.7574,479.9,5
"Myrtletown, CA",0650188,9315.7,137,384.5,6227.2,12.2479,568.8,30
"Sonora, CA",0672674,9211.1,137.4,394.7,6267.2,21.5497,564.1,32
"Elverta, CA",0622524,9201,145,421.7,6353.7,8.6489,532.6,3
"Nuevo, CA",0652624,9160,136.1,364.4,6031.9,18.1511,544.3,1
"Palermo, CA",0655086,9144.4,122.5,331.2,5697.3,23.9414,583.3,9
"Arnold, CA",0602770,9143.8,135.1,441.3,6277.4,13.2863,576.4,4
"Felton, CA",0623826,9037.7,147.6,478.3,6600.2,4.4413,523.9,9
"Phoenix Lake, CA",0656870,8962,131.5,407.8,6034.9,12.794,558.6,22
"Lakeport, CA",0639710,8955,127.9,371.6,5947.6,21.5466,564.7,33
"Hilmar-Irwin, CA",0633861,8928.1,136.3,411.2,6166,19.854,532.6,6
"Fort Irwin, CA",0625114,8927.5,161.2,344.8,6273.2,10.9969,422.4,4
"Orange Cove, CA",0654008,8905.5,123.5,275.7,5498.4,49.796,534.2,3
"Avenal, CA",0603302,8901.3,126.5,279,5576.6,25.2161,522.2,6
"Idyllwild-Pine Cove, CA",0636203,8897.3,128.9,392.6,5974.6,18.3235,558.4,0
"Crescent City, CA",0617022,8897.1,125.5,311.9,5673.2,23.1746,546.9,18
"Plumas Lake, CA",0657829,8829.7,161.4,456.7,6695.3,10.5702,438.7,0
"Ione, CA",0636672,8820.3,134.9,411.8,6091.6,8.5628,531.9,9
"Desert Edge, CA",0618986,8799.7,102.2,277.8,5108,22.5413,611.9,2
"Woodlake, CA",0686300,8790.4,122.3,284.4,5497.4,28.3093,530.1,3
"Gustine, CA",0631568,8758.2,118.5,304.5,5467.1,27,552.2,4
"Lake of the Pines, CA",0639690,8723.7,136.3,448.1,6200.9,6.3246,532,15
"Highlands-Baywood Park, CA",0633633,8678.1,185.9,631.6,7095.9,5.9953,448.7,12
"Orosi, CA",0654372,8607.4,123.7,265.2,5302.4,39.7873,502.6,4
"Bonsall, CA",0607498,8598.3,143.8,477.5,6333.1,8.7327,500,17
"Interlaken, CA",0636613,8590.1,138.8,398.5,5994.1,13.5393,488.2,17
"Holtville, CA",0634246,8590,118.6,307.6,5439.6,24.3053,532.1,3
"Burbank, Santa Clara County, CA",0608968,8568.2,145.4,405.8,6122.6,14.5499,471.8,27
"Firebaugh, CA",0624134,8514,120.2,286.1,5354.5,34.9288,509.8,2
"Santa Venetia, CA",0670154,8498.1,143.1,468.3,6236.1,11.0183,496,22
"Needles, CA",0650734,8424.7,112.9,301.7,5283.6,30.6283,543.6,13
"Guadalupe, CA",0631414,8390.1,123.3,277.7,5268.1,15.2772,487.8,7
"Lincoln Village, CA",0641558,8314.7,125.3,341.6,5538.3,13.4456,496.2,25
"Hidden Meadows, CA",0633532,8212.9,138.5,472,6068.7,6.8664,485.4,5
"West Menlo Park, CA",0684536,8148.4,172.2,652.9,6927.5,5.2073,428.9,15
"Willits, CA",0685600,8115.1,112.1,288,5164.2,39.5902,511.9,15
"Pacheco, CA",0654764,8114.8,121.2,342,5387.2,15.1653,489.3,52
"Borrego Springs, CA",0607596,8110.9,100.7,277.4,4900.6,28.108,544.1,0
"Earlimart, CA",0620438,8080.6,112.2,228.7,4869.8,54.9493,477.4,2
"Monte Sereno, CA",0648956,8057.7,173.5,681.2,6954.7,4.2068,431.5,16
"San Miguel, Contra Costa County, CA",0668263,8046.2,153.6,572,6517.3,3.4827,446.9,19
"Denair, CA",0618856,8034.4,134.4,433.1,5929.1,17.4118,455.8,0
"West Athens, CA",0684116,8026.7,124.1,272.9,5435.7,29.3057,459.4,12
"Angels, CA",0602112,8004.4,114.9,342.8,5352.4,14.8603,503.4,15
"Morada, CA",0649180,7984.9,133,433.8,5707,11.2552,470.5,5
"Oak View, CA",0653182,7933.1,130.1,428.4,5816.8,12.0926,461.7,8
"Mecca, CA",0646660,7899.1,107.8,228,4825.9,47.5622,468.2,2
"Tara Hills, CA",0677924,7878,127,317.1,5276.4,12.0942,444.5,13
"Auburn Lake Trails, CA",0603205,7847.8,125,413.4,5690.7,6.227,465.8,4
"El Cerrito, Riverside County, CA",0621810,7846.8,131.9,421.3,5782,10.1662,444.8,10
"Fowler, CA",0625436,7829.8,119.4,303.9,5148.2,26.8935,454.9,8
"Roseland, CA",0662868,7810.8,121.6,315.4,5293.6,21.5314,443.9,10
"Franklin, Merced County, CA",0625488,7776.6,127.6,334,5336.1,28.6834,431,14
"Woodbridge, CA",0686230,7706.8,121.5,374.9,5378.7,16.3745,456,3
"Morongo Valley, CA",0649348,7695.2,105.4,305.2,4987,32.6471,490.2,2
"Harbison Canyon, CA",0632044,7677,124.3,404.9,5556.2,8.3434,445.2,9
"Loyola, CA",0644378,7563.7,164.5,605.1,6404.7,4.6361,396.8,8
"Rancho Santa Fe, CA",0659584,7519.3,143.9,587.3,6219.9,10.2229,434.6,0
"East Porterville, CA",0621012,7510.2,106.1,253.3,4734,36.3286,451.2,12
"El Rio, CA",0622370,7508.6,110.4,285.3,4906.2,23.1706,445.4,11
"Reliez Valley, CA",0660279,7494.7,145.8,549.2,6130.4,5.6754,416.8,11
"South Oroville, CA",0673178,7473.5,103.9,228.7,4563.9,36.0628,454.4,9
"Meadow Vista, CA",0646632,7458.6,115.2,371.3,5195.6,3.1417,452.1,7
"Copperopolis, CA",0616210,7415.3,111.3,338.3,5096.2,7.9042,450.7,8
"Crockett, CA",0617274,7410.7,124.2,396.8,5470.4,6.9366,429.6,4
"Seacliff, CA",0670644,7401.1,114.9,350.3,5191.7,13.8372,441.7,13
"McSwain, CA",0645006,7346,125.1,406.4,5447,11.0633,413.8,4
"Mather, CA",0646226,7326.3,138.7,376.2,5488.5,20.748,364,9
"Keyes, CA",0638422,7298.1,100.7,238.4,4539.6,37.6283,439.6,5
"South Monrovia Island, CA",0673167,7264.2,111.6,283.5,4791.8,17.4832,416.1,10
"Ridgemark, CA",0660706,7251.9,120.3,421.9,5398,7.8372,433,7
"Forestville, CA",0624960,7234.6,106.5,321.4,4917.1,17.2434,443.9,4
"Day Valley, CA",0618153,7222.1,124,444.3,5515.1,12.7303,422.6,14
"Fairbanks Ranch, CA",0623150,7180.7,142.6,532.8,5938.2,5.9545,389.9,16
"Bishop, CA",0606798,7166.9,99.3,268.8,4653,14.8051,451.1,18
"East Richmond Heights, CA",0621061,7148.2,123,365,5196.4,7.4602,404,7
"Sunnyside, CA",0675994,7100.5,116.1,325.7,4921.7,13.0968,405.9,9
"Lake Isabella, CA",0639570,7098,84.6,206.9,4168.9,23.2527,478.5,8
"Fetters Hot Springs-Agua Caliente, CA",0623973,7024.9,113.1,351.6,5034.5,18.734,408.6,8
"El Verano, CA",0622510,7012,108.9,314.7,4838.4,19.7356,412.4,9
"Channel Islands Beach, CA",0612669,6971.7,118.4,389.8,5218.8,1.9681,403.9,2
"San Antonio Heights, CA",0664462,6968.7,134,495.4,5614.9,3.3381,387,9
"Mount Shasta, CA",0649852,6954.6,98.4,269.7,4549.6,14.5338,432.2,24
"Avalon, CA",0603274,6951.5,109.5,321.7,4840.6,12.0964,411.7,0
"Santa Rosa Valley, CA",0670130,6936.7,140.2,562.1,5904.7,4.0424,381.3,11
"Agua Dulce, CA",0600450,6896.4,122.4,447,5410.9,4.6816,392,4
"Valley Springs, CA",0681890,6889.6,108.6,348.5,4859.7,11.3694,413.2,9
"Meiners Oaks, CA",0646702,6880.8,108.4,353.3,4903.6,7.9793,416.8,10
"Broadmoor, CA",0608338,6849.3,134.9,344.2,4923.1,8.3483,344.7,9
"Cayucos, CA",0612132,6834,107.2,347.9,4839.5,18.6199,417.6,2
"Vine Hill, CA",0682842,6751.7,111.9,330.7,4809.6,11.9776,378.9,8
"Pine Mountain Lake, CA",0657244,6748.4,90.1,261.6,4265.8,14.2243,441.5,3
"Tarpey Village, CA",0677960,6690.7,99.5,267.4,4408.3,15.6454,397.3,10
"West Modesto, CA",0684578,6647.5,94.8,226.7,4181.6,46.2855,402.2,3
"Cambrian Park, CA",0610088,6640.4,118.3,387.7,5025.3,5.6604,367.2,38
"Nevada City, CA",0650874,6637.4,98.9,304.7,4549,8.3253,412.6,16
"Castroville, CA",0611978,6628.4,99.4,230.6,4239.6,22.058,381.3,10
"Dos Palos, CA",0619612,6607,89,209.1,4064.2,44.2189,406.6,6
"Homestead Valley, CA",0634392,6599.7,83.8,236.1,4054.9,24.5576,437.8,5
"Camp Pendleton South, CA",0610561,6542.2,117.6,252.8,4630.2,7.5315,309.9,5
"Montara, CA",0648760,6509.4,122.1,447.3,5221.3,4.917,359.7,2
"Pine Hills, CA",0657204,6417,98.8,305.8,4465.3,22.6814,385.6,5
"Kings Beach, CA",0638548,6369.8,95.7,245.8,4262.7,14.3715,369.5,0
"North Lakeport, CA",0651990,6362.7,89.2,260.6,4216.2,19.3775,403.1,15
"Jamestown, CA",0637106,6337.3,86.9,244.7,4069.7,23.0861,406.5,9
"Humboldt Hill, CA",0634928,6299.3,86.7,240,4010.8,22.0441,395,8
"Mojave, CA",0648452,6286.9,89.5,221.6,4076.3,37.3614,382.4,6
"Huron, CA",0636084,6273.7,87.6,186.8,3885.4,52.0601,373.2,0
"Cutten, CA",0617722,6272.7,95.2,274.2,4283.9,14.8856,375.7,14
"Weaverville, CA",0683794,6260.2,87.2,243.9,4048.8,13.1881,397,1
"Fruitridge Pocket, CA",0627130,6220.1,93,179.8,3823.5,48.9546,355,6
"East Oakdale, CA",0620907,6213.2,104.3,367.3,4655.7,13.9487,365.7,5
"Kelly Ridge, CA",0638024,6185,81.8,237,3892.7,5.684,406.7,6
"Oasis, CA",0653224,6165.3,86,169.8,3755.2,47.6597,357.9,1
"Williams, CA",0685586,6123.8,90.1,214.1,3937,16.5075,350.4,7
"Mission Hills, CA",0648186,6115.1,99.2,303.9,4333.2,7.6923,353.1,6
"Rio Dell, CA",0660900,6102.5,87.3,235.9,3979.5,16.7586,375.4,6
"Moss Beach, CA",0649446,6101.8,108.3,384.5,4727.1,8.7009,344,6
"Buckhorn, CA",0608680,6088.2,84.1,246.6,3958.6,9.4038,389.3,3
"North El Monte, CA",0651820,6063.4,110.1,274.4,4141.8,9.1813,319.7,6
"Brooktrails, CA",0608530,6038.5,84.3,228.5,3889.7,17.3899,373.1,12
"West Bishop, CA",0684120,6028.4,91.9,299.2,4258.4,6.4694,368,10
"Granite Hills, CA",0630703,6003.7,101.2,351.7,4509.3,15.5952,351.2,7
"Squaw Valley, CA",0673794,5993.7,80.2,215.6,3744,18.3373,378.7,2
"Wheatland, CA",0685012,5963.5,92.8,258.2,4074.2,18.4218,345,2
"Lockeford, CA",0642104,5961.7,84.5,237.8,3897.6,24.9573,369,3
"Oakhurst, CA",0652764,5946.7,81.3,227.1,3780.8,11.6041,381.7,11
"Greenfield, Kern County, CA",0630987,5926.2,89,240.8,3935.8,19.3381,346.7,5
"Lexington Hills, CA",0641282,5879.5,114.3,434.5,4883.1,8.3969,319.6,3
"Clearlake Riviera, CA",0613985,5877,85.1,251.2,3939.5,20.2446,363.9,9
"Anza, CA",0602294,5876.4,78.9,206,3649.6,11.8634,371.8,1
"Mayfair, CA",0646400,5870.1,84.2,190.5,3692.3,39.8502,349.7,11
"Mono Vista, CA",0648641,5849.3,84.3,239.8,3835.4,13.0058,359,14
"La Selva Beach, CA",0640508,5771.9,98.6,344.7,4395.7,12.999,338.2,10
"Dixon Lane-Meadow Creek, CA",0619406,5749.3,81.6,251.3,3820.4,9.0626,362.7,6
"Mission Canyon, CA",0648147,5721.9,102.6,391.6,4521.4,8.4138,335.5,19
"Sutter Creek, CA",0677392,5721.8,82.4,242.2,3799.3,14.0132,362.8,8
"Bonny Doon, CA",0607470,5707.8,96.5,335.3,4322.6,14.4732,331.8,7
"Burney, CA",0609122,5693.5,74.1,192.7,3500.3,20.4702,367.4,8
"Ford City, CA",0624764,5693.4,80.3,195.6,3611.7,39.3183,342.5,6
"Lemoore Station, CA",0641166,5691.4,103.7,221.1,4005,9.4723,267.6,4
"Weldon, CA",0683948,5666.6,65.9,169.3,3295.7,29.4264,388.3,6
"Lucerne, CA",0644406,5627.8,69.6,177.7,3417.3,41.9987,378.1,7
"Penngrove, CA",0656476,5612.3,88.5,283.1,3987.8,10.5223,337.6,11
"Cottonwood, CA",0616630,5598.1,81.4,214.3,3622.5,17.5104,336.9,4
"Casa Conejo, CA",0611656,5567.5,97.1,323,4214.2,10.7356,314,7
"Belvedere, CA",0605164,5551,108.6,451,4652.8,3.5411,325.3,3
"Stallion Springs, CA",0673868,5530.7,82.4,249.6,3751.8,13.1991,335.4,5
"Frazier Park, CA",0625534,5529.8,80.8,217.5,3632.1,5.508,332.2,3
"Lake Nacimiento, CA",0639670,5520.4,86.7,272,3881,10.0309,325.9,6
"Rose Hills, CA",0662860,5495.7,101.1,326.3,4174.6,10.6983,300.7,10
"Highgrove, CA",0633574,5481.3,81.7,210.8,3602.7,19.1691,321.7,11
"Wofford Heights, CA",0686174,5474.8,63.4,173.8,3208.4,20.4711,383,2
"Bella Vista, CA",0604926,5473.5,79.2,238.7,3641.6,8.0783,337.8,10
"Lake California, CA",0639460,5458.8,80.1,216.1,3615.9,12.1983,322.6,2
"Sky Valley, CA",0672156,5452,69.3,199.2,3343.9,13.7711,364.5,1
"Yountville, CA",0686930,5446.2,86.5,300,3934.7,3.1499,337.7,3
"Crest, CA",0617106,5428.2,88.6,288.6,3940.9,8.3604,314.4,9
"Calipatria, CA",0609878,5406.4,74.9,191.7,3404,9.5172,334.6,0
"Empire, CA",0622622,5400.4,70.2,163.3,3244.6,37.9388,343,9
"Kelseyville, CA",0638044,5382,71,185.6,3362.1,36.8579,344.7,6
"Pine Mountain Club, CA",0657240,5364.6,80.5,251.5,3631.9,9.7377,329.2,2
"Lenwood, CA",0641194,5347.2,77.6,193.7,3462.7,20.3585,318.4,7
"San Andreas, CA",0664420,5298.3,70.2,190.5,3315.3,17.7858,346.2,23
"Ivanhoe, CA",0636910,5289.3,73.6,176.5,3312,31.3058,318.9,1
"Sutter, CA",0677378,5248.1,80.4,240.6,3624.2,11.5083,311.5,2
"Bethel Island, CA",0606210,5239.1,70.2,213.9,3355.9,14.8707,344.4,0
"Sleepy Hollow, CA",0672184,5237.5,102.5,412.1,4414.5,3.1036,293.8,6
"Heber, CA",0633084,5232.9,74.1,185.1,3327.6,19.4655,312.7,0
"Nice, CA",0651294,5176.1,65.8,165.4,3164.8,27.5975,337.4,2
"Shingletown, CA",0671568,5167.3,69.4,201.3,3309.4,17.1868,333.1,0
"Salton City, CA",0664294,5165.3,64.4,159.9,3086.6,27.7549,336.2,4
"Esparto, CA",0622846,5112.1,80.3,234.1,3548.5,11.1639,296,1
"Aromas, CA",0602812,5087.5,88.4,309.1,3870.9,11.1661,290.9,2
"Pine Grove, CA",0657148,5060.5,71.9,221.3,3367.1,12.2242,321.5,6
"Bret Harte, CA",0608172,5051,71.9,155.3,3126.7,32.643,296.9,2
"Three Rivers, CA",0678638,5049.9,75.1,240.5,3491.1,14.4876,314.3,4
"West Rancho Dominguez, CA",0684780,5046.9,72.9,149,3241.2,18.6553,296.5,11
"Planada, CA",0657582,5046.2,68.2,159.5,3100.9,33.689,307.3,4
"Clearlake Oaks, CA",0613966,5036.4,63.5,171.1,3062.5,29.223,338.8,5
"East Sonora, CA",0621188,5012.6,62.4,170,3010.5,8.247,345.7,13
"Armona, CA",0602700,5002.7,70.2,163.9,3116.4,36.0143,300.5,2
"Hartley, CA",0632340,4998.4,87.5,287.7,3777.5,7.0711,281.2,8
"Amesti, CA",0601651,4927.3,70.4,186.6,3172.1,15.8866,303.1,14
"Murphys, CA",0650034,4924.9,65.6,194.7,3141.5,12.1853,326.9,6
"Ross, CA",0662980,4921.1,96.5,389.2,4143.1,8.8342,274.2,5
"Georgetown, CA",0629350,4860.8,68.5,202,3193.7,8.6762,305,2
"Alturas, CA",0601444,4855.5,64.5,164.5,3036.5,23.9891,307.5,13
"Loma Rica, CA",0642412,4834,73.5,227.9,3347.8,10.8546,290,7
"Vista Santa Rosa, CA",0683085,4826.4,73.8,229.3,3321,32.5538,292.3,7
"Campo, CA",0610508,4781.3,69.8,198.3,3208.7,23.8929,287.8,4
"Twain Harte, CA",0680966,4734.5,69.8,216.4,3159.8,7.3974,295.9,1
"Ahwahnee, CA",0600478,4691.7,66.2,204,3098.8,18.9224,298.5,4
"Temelec, CA",0678126,4680,58.2,180.4,2860.6,8.8449,329.7,9
"Mountain View, Contra Costa County, CA",0649651,4672.7,72.7,200.9,3223.1,11.5206,268.8,3
"San Pasqual, CA",0668308,4652.4,93.8,297.9,3685.5,3.5322,241.4,14
"Dogtown, CA",0619440,4643.1,72.9,226,3250.9,13.1306,274.8,1
"Cutler, CA",0617708,4637.6,65.7,147.2,2892.1,52.0686,273.5,1
"Auberry, CA",0603190,4614.3,68.5,209.2,3124.2,4.353,282.2,4
"Aptos Hills-Larkin Valley, CA",0602382,4529.9,70.7,221.7,3197,8.6535,270.7,8
"Corralitos, CA",0616434,4528.4,73.4,244.9,3275.1,9.1841,269.4,7
"Meadowbrook, CA",0646520,4528.3,59.9,142.9,2735,38.4419,283.4,3
"Columbia, CA",0614904,4508.2,62.2,180.8,2924.3,14.5713,287.8,4
"East Quincy, CA",0621026,4470.8,60.9,155,2819.6,19.3103,278.5,10
"Colfax, CA",0614498,4469.3,69.3,219.6,3156.5,11.4603,269.4,3
"Bystrom, CA",0609353,4449.3,60.3,134.1,2714.6,33.1504,273.1,6
"Mountain View Acres, CA",0649684,4420.7,67,172.1,2934.3,17.4632,256.7,3
"Lagunitas-Forest Knolls, CA",0639283,4396.3,74.8,262.3,3343,5.8127,255.6,3
"Mariposa, CA",0645932,4386.6,58.5,160.1,2761,20.0574,286.7,3
"Avilla Beach, CA",0603330,4377.7,65.8,207.3,3021.4,6.7052,273.3,5
"Hayfork, CA",0632562,4339.6,52.6,134.9,2606.5,24.6569,288.9,3
"Bertsch-Oceanview, CA",0606150,4337.7,58.7,153.9,2726.7,18.1141,271.3,6
"Brookdale, CA",0608478,4306.8,74.7,257.1,3329,7.1636,244.6,4
"Bayview, Humboldt County, CA",0604478,4306.4,59.2,153.2,2713.3,23.9045,268.8,14
"Bodfish, CA",0607274,4261.5,49.6,129.6,2487.6,23.4925,291.1,0
"Soulsbyville, CA",0672772,4241.5,63.4,185.9,2889.4,12.8826,254.1,2
"Rolling Hills, Los Angeles County, CA",0662602,4230.4,89.7,354.9,3603.5,1.3306,234.1,9
"Arbuckle, CA",0602420,4182.6,62.4,164.7,2766.5,28.5898,244,1
"Bell Canyon, CA",0604938,4170.7,89.9,363.3,3653.2,5.1789,220.6,14
"Weed, CA",0683850,4148.4,55.6,122.5,2531.7,28.1163,257.2,4
"Marin City, CA",0645820,4135,71.5,181.2,2949.9,39.1911,229.9,8
"Riverdale, CA",0661096,4040.5,57.7,140.7,2550,34.1449,240.8,1
"Coarsegold, CA",0614288,4021.9,56.1,173.7,2649.9,14.0772,258,2
"Sunnyside-Tahoe City, CA",0676015,4021.9,66.2,212.9,3005.6,3.4018,229.5,0
"Angwin, CA",0602168,3999.2,66,199.8,2859.7,6.5459,229.8,9
"Boron, CA",0607568,3991.9,53.8,134.7,2489.7,29.1615,251.5,4
"Winchester, CA",0685894,3973.6,67.1,202.8,2896.7,18.77,218.5,4
"Coronita, CA",0616420,3971.3,61.5,174.4,2726.2,6.7338,229.8,6
"Warm Springs, CA",0683460,3969.3,62.8,165,2709.1,12.0449,224.1,12
"Montalvin Manor, CA",0648718,3956.3,61.8,160.4,2599.4,12.3179,228.7,8
"China Lake Acres, CA",0613157,3895.2,56.2,174.3,2654.9,17.2006,243.2,3
"Chester, CA",0612930,3874.6,51.6,129,2385.7,11.7149,245.4,0
"Del Rey Oaks, CA",0618688,3872.5,65.3,211.6,2853.3,7.4139,223.7,14
"Camino, CA",0610270,3858.2,58.8,190,2692.2,6.4334,238.2,2
"Freedom, CA",0625576,3839.7,58.5,157.6,2559.6,29.8969,223.8,0
"North Richmond, CA",0652162,3816.6,64.1,138,2571,20.9971,204.5,4
"San Joaquin, CA",0667126,3804.9,51.7,106.5,2304,48.8231,224.7,0
"Portola, CA",0658352,3803.7,52,136.8,2408.5,11.4084,239,9
"Cobb, CA",0614302,3800.7,55,160.9,2545.5,23.4348,233.2,0
"Green Valley, Solano County, CA",0631099,3783.9,72.3,257.5,3017.1,2.6452,210.5,6
"Shasta, CA",0671218,3771.7,56.5,184.5,2597.7,10.8319,233.4,6
"Kernville, CA",0638310,3749.2,52.7,166.8,2498.1,20.1487,241.5,3
"Sea Ranch, CA",0670712,3727.4,55.9,196.2,2585.5,7.4507,241,0
"Hidden Hills, CA",0633518,3718,78.5,336.2,3301.7,7.3545,201.7,12
"Graton, CA",0630812,3699.2,58.3,189.1,2656.3,9.0402,222.6,5
"Cabazon, CA",0609360,3683.1,52.6,138.1,2368.9,29.0811,225,3
"Big Pine, CA",0606616,3641.6,48.6,136.8,2318.5,12.0739,231.8,0
"Inverness, CA",0636616,3641.1,56.9,202.6,2616.4,20.3826,229.7,0
"Collierville, CA",0614708,3609.5,58.9,196.7,2635,12.6923,213,2
"Lone Pine, CA",0642580,3608.8,47.5,126.6,2242.8,14.8615,231.1,5
"Willow Creek, CA",0685642,3608.3,44.2,108.5,2140.6,27.069,237.7,3
"Elizabeth Lake, CA",0621964,3606.3,59.4,189.4,2641.3,4.1372,205.8,1
"Summerland, CA",0675714,3591.5,61.4,215.2,2735.9,7.5447,210.5,2
"North Shore, CA",0652302,3586.7,47.5,104.2,2155.7,47.5052,214.7,2
"Camino Tassajara, CA",0610301,3571.3,94.5,280,3081.7,2.2989,148.5,2
"Julian, CA",0637582,3549.5,51.8,159.4,2407.2,10.1611,221.2,0
"Rollingwood, CA",0662700,3521.3,58.7,125.7,2268.6,10.494,188.8,5
"Linden, CA",0641670,3489.6,58.7,191.1,2601,10.6583,195.9,1
"Los Ranchos, CA",0644242,3477.1,57.7,205.8,2594.4,7.074,207.9,12
"Los Alamos, CA",0643252,3474.9,59.8,200,2615,6.7966,195.4,3
"Vandenberg AFB, CA",0682072,3457.6,64.4,148.9,2523.8,7.5315,159.8,2
"Los Molinos, CA",0644140,3455.8,45.4,119.2,2150.8,25.8986,221.5,3
"Terra Bella, CA",0678288,3437.5,47.2,107,2105.3,46.1964,207.4,5
"Val Verde, CA",0681967,3431.6,53.7,153.9,2377.2,22.3239,196.5,15
"Lake Sherwood, CA",0639735,3425.8,64.1,243.9,2748.2,9.7639,194.6,15
"University of California Davis, CA",0681302,3412,68.8,115.3,2336,16.7864,153.4,7
"Pine Valley, CA",0657260,3406.4,50.6,153.6,2343.7,8.3593,206.3,0
"Bolinas, CA",0607316,3390.2,49.5,156.5,2312.1,23.7546,214.4,9
"Mountain Ranch, CA",0649628,3377.3,45.3,131.5,2140,20.1863,219.2,6
"Ladera, CA",0639094,3376,70,279.3,2881.4,1.8831,182.6,4
"San Juan Bautista, CA",0668014,3367.9,50.1,135.7,2233.7,11.3974,201,0
"Green Acres, CA",0630944,3351.2,45.5,122.2,2105.1,21.7413,213.3,4
"Pixley, CA",0657512,3335,46.6,103,2070.7,38.1548,197.2,1
"Foresthill, CA",0624834,3311,49.3,151.7,2263.8,15.6173,202.7,5
"Tahoe Vista, CA",0677700,3296.5,52.2,160.6,2342.7,8.6008,192.6,0
"Desert View Highlands, CA",0619052,3285.5,50.8,130.1,2202.1,15.6096,187.7,6
"Taft Heights, CA",0677588,3276.2,49.4,136.2,2225.2,17.0708,193.3,2
"San Miguel, San Luis Obispo County, CA",0668266,3275.3,52.4,143.6,2288.5,17.2945,180,0
"Searles Valley, CA",0670728,3274.9,43.2,113.2,2046.2,24.7656,209.8,0
"Kennedy, CA",0638065,3269.6,45.4,94.6,1978,40.1709,193.6,3
"Pine Canyon, CA",0657070,3265.1,52.5,167.5,2359,5.1955,189.7,4
"Allendale, CA",0600996,3263.9,59.5,218.1,2608.3,4.4895,183.7,7
"Quincy, CA",0659080,3259.1,46.3,123.9,2121.2,19.092,202.4,6
"Woodacre, CA",0686216,3257.8,53.9,187.7,2417.5,5.7569,192.8,3
"Rainbow, CA",0659248,3245.8,48.8,144.9,2201.4,10.9351,197,9
"Big River, CA",0606635,3220,38.4,112,1919.4,13.4006,223,1
"Dollar Point, CA",0619455,3215.1,57.3,208.6,2548.5,6.6109,183.7,0
"Dunsmuir, CA",0620242,3213.9,42.4,109.4,1994,27.0769,206.3,2
"Camp Pendleton North, CA",0610559,3199.4,57.5,123.2,2262.5,7.5253,151.5,4
"Toro Canyon, CA",0679529,3199.3,56.4,207.9,2501,6.9753,188.6,5
"Black Point-Green Point, CA",0606982,3197.5,60,233,2598.7,7.7151,182.7,7
"Tuolumne City, CA",0680763,3192,42.4,107,1989.1,13.416,202.9,2
"Red Corral, CA",0659896,3185.7,46.2,143.2,2150.6,11.6214,199.8,3
"Bayview, Contra Costa County, CA",0604470,3164.1,54.5,148.6,2219,13.7428,174.7,5
"Goshen, CA",0630476,3150.5,43.4,94.2,1928.7,17.477,188.6,12
"Redwood Valley, CA",0660214,3149.5,47.2,138.3,2150.2,22.2674,189.3,2
"Monument Hills, CA",0649045,3131.9,56.4,197.9,2425.1,6.1361,175.8,7
"Berry Creek, CA",0606070,3129.4,40,111.3,1928.6,28.0272,206.4,0
"Easton, CA",0620928,3123,45,121.8,2031.4,31.5482,190,2
"Las Lomas, CA",0640592,3116.3,46,115.2,2019,13.1405,181.1,6
"Lakeview, CA",0639836,3105,48.1,136.7,2126.3,4.197,178.6,1
"Leona Valley, CA",0641208,3082.7,55.4,188.6,2391.2,5.6321,171.3,6
"Strathmore, CA",0675280,3082.3,41.4,94.8,1898.6,38.541,189.2,0
"Deer Park, CA",0618324,3081.7,55.5,202.7,2425.5,6.1423,178.5,12
"French Camp, CA",0626028,3060.9,45.2,105.6,1938.2,26.2778,179.7,10
"Penn Valley, CA",0656518,3050.3,39.8,104.7,1883.5,15.0702,195.6,1
"Silverado Resort, CA",0671927,3045.3,56.6,222.5,2462.4,3.7653,177.3,5
"Caruthers, CA",0611614,3037.4,44.4,105.7,1895.4,27.0015,178.2,0
"Pajaro, CA",0655044,2973.7,45,107.1,1938.2,43.1475,169.8,6
"Forest Meadows, CA",0624897,2966.8,44.4,146.7,2073.5,7.0033,186.1,4
"Del Rio, CA",0618695,2964.6,56.6,211.4,2370.4,3.2472,167.2,4
"Thermal, CA",0678456,2945.4,39.4,83.7,1763.8,41.1671,178.5,0
"Castle Hill, CA",0611915,2936.7,54.5,200.5,2324.1,5.2367,169.2,7
"Ferndale, CA",0623910,2931.5,41.7,119.8,1928,11.8071,183.6,4
"Descanso, CA",0618940,2880,40.7,118.2,1901.7,20.2335,178.4,1
"Forest Ranch, CA",0624918,2856.8,43.7,144.1,2009.4,8.8925,173.1,1
"Monte Rio, CA",0648928,2823.4,38.3,108.6,1824.4,21.7608,180.8,2
"Walnut Grove, CA",0683374,2811.2,46,143,2001.1,15.8856,164.5,2
"Bodega Bay, CA",0607260,2789.8,42.7,136.2,1935.1,5.914,173.1,0
"Tahoma, CA",0677728,2778.9,44.5,142.1,1979.9,12.4598,163.5,0
"Colma, CA",0614736,2775.7,57.3,146.6,2048.7,6.6983,135.3,4
"Elkhorn, CA",0622034,2770.2,45.4,144.8,2006.6,11.2048,161.1,2
"Diablo, CA",0619150,2767.3,54.5,212.7,2302.1,7.2612,152.7,6
"Montague, CA",0648690,2757.6,35.2,92.7,1682.5,19.943,178.8,0
"Westmorland, CA",0684606,2744.1,34.9,78.8,1627.1,23.0541,176.2,1
"Lebec, CA",0640956,2740.6,37.9,103.1,1751.2,17.8205,170.7,0
"Westwood, CA",0684928,2710.5,35.8,93.4,1689,23.819,173.6,0
"Occidental, CA",0653266,2707.7,44.8,155,2021.2,4.9011,159.9,6
"Biggs, CA",0606560,2698,38.1,101.2,1748.8,22.7684,163.9,0
"Tipton, CA",0678750,2691.4,38.8,88.3,1702.1,36.2933,156,0
"Acalanes Ridge, CA",0600135,2680.1,54.1,199,2241.1,2.7984,143.4,5
"South Taft, CA",0673388,2658.3,37.3,86.6,1662.7,15.1275,159.4,3
"March ARB, CA",0645680,2651.6,40.8,123.5,1847.4,37.5407,172.3,4
"Eldridge, CA",0621894,2647.8,44.3,148.3,1968.4,16.1765,155.2,3
"Newcastle, CA",0651000,2633.1,37.2,109.7,1713.6,11.0448,166,1
"Palo Cedro, CA",0655296,2625,41.1,137.1,1868,9.6451,158.9,4
"Santa Margarita, CA",0669182,2592.7,38.4,111.1,1761.9,10.9078,155,0
"Weedpatch, CA",0683863,2591,34.7,73.7,1553.9,40.4618,158.3,2
"Westhaven-Moonstone, CA",0684385,2582,34.8,91.5,1624.4,19.9194,162.1,3
"Dunnigan, CA",0620228,2566.1,36.8,105.3,1688.6,21.5648,157.8,3
"Rancho Tehama Reserve, CA",0659604,2559.3,31.9,79.3,1515.3,26.8194,166.8,1
"Janesville, CA",0637134,2557.6,41.7,139.9,1867.7,5.7364,149.8,1
"Richgrove, CA",0660606,2549.6,37.5,84,1601.7,46.4226,147,0
"Callender, CA",0609948,2537.1,42,134.1,1847.4,13.9927,146,6
"Los Olivos, CA",0644168,2530.5,44.2,161,1936.4,9.129,147.6,6
"Lake Riverside, CA",0639715,2529.4,36.2,106.1,1668.4,10.4167,157,0
"Pasatiempo, CA",0656028,2509,46.3,178,2015.4,6.4457,145.3,4
"Pioneer, CA",0657330,2504,32.9,94,1580.7,8.6299,163.3,1
"Kenwood, CA",0638156,2498.3,39,126.1,1748.7,21.537,152.5,4
"Poplar-Cotton Center, CA",0658191,2494.9,38.5,88.4,1594.3,28.0061,143,0
"Blue Lake, CA",0607162,2489.9,35.9,100.8,1648.3,14.5882,152.2,0
"Parkwood, CA",0655842,2486.8,37.3,88.9,1627.4,36.1146,141,9
"Lower Lake, CA",0644350,2460.4,31.7,82.7,1513.3,20.2044,159.2,4
"Edwards AFB, CA",0621600,2459.1,45.9,110.6,1802.8,1.1137,115,2
"Lompico, CA",0642510,2459.1,41.1,138.1,1847.5,7.5472,140,3
"Sheridan, CA",0671414,2458.3,38.6,124.3,1724.8,7.9912,147.8,4
"Hydesville, CA",0636126,2454.6,36.1,108.4,1659.3,16.3265,149.9,1
"Redway, CA",0660088,2442.8,32.9,85.9,1544.3,24.7809,153.7,0
"Shell Ridge, CA",0671362,2440,45.7,160.1,1918.7,5.0048,138.6,10
"Inyokern, CA",0636658,2433.2,35.1,111.1,1649.7,17.0523,154.9,0
"Knightsen, CA",0638772,2407.7,40,115.1,1711.4,9.1067,133.6,8
"Parksdale, CA",0655751,2397,30.9,66,1406.3,16.8787,148.3,2
"Midpines, CA",0647374,2389.5,33.9,98.2,1561.9,18.9446,149.4,4
"La Honda, CA",0639318,2379.3,46.2,182.1,1999.8,6.8437,131.2,0
"Clay, CA",0613854,2373.4,38.8,126.7,1726.7,18.9815,137.5,0
"Butte Creek Canyon, CA",0609310,2364.5,35.4,108.7,1632.3,7.4667,142.7,5
"Lewiston, CA",0641278,2363.3,31.3,88.8,1490.8,27.4296,153.4,1
"Challenge-Brownsville, CA",0612612,2361.6,31.1,84,1469.9,21.2552,150.8,4
"McCloud, CA",0644784,2353.5,29.2,75.7,1404.8,22.2222,157.2,0
"Green Valley, Los Angeles County, CA",0631092,2348.5,39.2,133.8,1766.1,7.9048,136.4,1
"Aguanga, CA",0600464,2347.6,33.2,99.2,1538.8,11.209,148.3,0
"Piru, CA",0657372,2338.1,34.5,86.8,1524.2,17.9041,136.9,1
"Cedar Ridge, CA",0612300,2326.3,34,106.1,1577,12.6913,143.7,5
"Blacklake, CA",0606935,2313.1,34.9,115.2,1606.1,10.119,145.7,4
"Bradbury, CA",0607946,2267,42.8,149.3,1753.5,9.3545,132.1,2
"Grizzly Flats, CA",0631302,2266.4,33.2,103.2,1545.6,6.4923,139.5,1
"Romoland, CA",0662756,2259.7,33,86.3,1474.2,22.3961,132.6,7
"Lake Don Pedro, CA",0639484,2255.3,34.3,107.6,1567.6,14.5332,136.9,1
"Seeley, CA",0670798,2253.3,31.4,75.8,1419.4,9.2633,137.2,0
"Patterson Tract, CA",0656120,2245.5,32.4,85.6,1456.1,21.1921,135.3,7
"Mendocino, CA",0646814,2245,33.2,105,1566.6,10.5381,140.8,2
"Middletown, CA",0647332,2237.2,33.4,90.6,1505.8,12.8958,134.2,4
"Happy Camp, CA",0632030,2232.8,26.9,66.3,1317.4,39.7237,149.3,2
"Laton, CA",0640746,2207.8,33.4,94.4,1483.6,18.0294,130.3,0
"Hamilton City, CA",0631890,2179.7,29.2,68.5,1334.8,31.0811,134,2
"Byron, CA",0609346,2165.2,33.3,97.3,1482.3,9.6497,127.2,0
"Sunol, CA",0677042,2117,40.3,142.3,1664,2.5304,116.3,1
"Littlerock, CA",0641880,2103.2,29.4,77.4,1345,19.2822,129.3,0
"Laytonville, CA",0640928,2089.5,26.8,64.5,1273,28.5484,133.8,0
"Soda Bay, CA",0672478,2085.8,29.9,88.7,1403,20.3922,130.1,7
"Plymouth, CA",0657834,2080,29.9,89.1,1377.2,6.2439,130.6,0
"Alhambra Valley, CA",0600898,2067.8,40.7,141.6,1657.9,5.3254,112.4,5
"Greenville, CA",0631162,2060.4,27.6,73.1,1297.8,20.5441,132.1,0
"Le Grand, CA",0641040,2060.2,27.7,65.8,1263.1,26.4294,126.2,1
"Rough and Ready, CA",0663106,2058.2,29.8,92.9,1397.3,15.1579,128.2,0
"Mi-Wuk Village, CA",0648298,2046.4,29.9,88.8,1385,7.9314,125.4,1
"Maricopa, CA",0645736,2043.2,28.5,79.3,1319,28.3034,126.3,0
"Point Reyes Station, CA",0657960,2041,29.8,93.2,1405,7.7268,129.8,3
"Lake of the Woods, CA",0639696,2036.9,30.4,91.4,1401.6,5.6526,122.7,3
"Herald, CA",0633294,2036.4,34.1,108,1468,17.217,115.7,3
"North Edwards, CA",0651812,2034.5,27.2,68.2,1254.5,27.1861,128,0
"Camanche North Shore, CA",0610042,2024.6,30.4,89.7,1390,18.3976,120.3,2
"Fruitdale, CA",0627080,2009.6,39,117,1547.3,12.3138,103.8,11
"Boronda, CA",0607578,1988.3,31,70,1287.3,16.104,112.2,2
"Lost Hills, CA",0644280,1981.8,28.6,57.9,1218.7,9.4998,111.8,2
"Covelo, CA",0616728,1976.2,24.5,62.7,1187.3,45.1258,131.3,1
"Springville, CA",0673710,1966.9,28.3,81.4,1282.9,12.7943,123.7,1
"Airport, CA",0600535,1965,26.8,59.3,1217.7,52.3121,119.8,4
"Mount Hermon, CA",0649796,1953.1,30.8,89,1348.6,4.5923,114.1,0
"Penryn, CA",0656546,1942.7,33.3,115.3,1478.6,8.1522,111.1,5
"Saticoy, CA",0670322,1930.8,23.6,64.4,1152.2,33.4906,132.4,3
"Minkler, CA",0647822,1924.7,31.4,106.9,1399.9,17.1348,116.2,3
"Rouse, CA",0663168,1923.9,27,52.9,1163.6,48.8931,115.1,2
"Bootjack, CA",0607525,1917.7,27.5,81.2,1276.8,15.5531,119.4,3
"Santa Susana, CA",0670140,1894.8,36.2,120,1515.8,5.1692,99.7,6
"Crowley Lake, CA",0617372,1892.2,31.5,103,1411,2.5701,107,0
"Isleton, CA",0636882,1878.8,24.3,66.6,1162,11.7579,123,0
"Home Garden, CA",0634281,1865.2,26.3,59.5,1160.7,35.9488,112.5,0
"Irwindale, CA",0636826,1857.1,28.3,79.5,1255.3,13.5117,109.4,12
"Maxwell, CA",0646338,1856.5,26.9,75.5,1212.2,25.3996,113.4,1
"Knights Landing, CA",0638800,1851.1,25.9,73.1,1198.9,22.4105,116.2,1
"Butte Valley, CA",0609324,1850.8,25.9,76.3,1223.1,21.9957,115.3,7
"Woodville, CA",0686482,1844,26.5,64.7,1168.2,34.0529,108.8,2
"Shandon, CA",0671134,1843.9,28.8,77.7,1257.6,8.1647,103.4,1
"Norris Canyon, CA",0651622,1840.5,44.5,149.9,1597.1,0.2846,85.5,9
"Graeagle, CA",0630560,1840.3,22.3,61.4,1084.2,2.0173,126.5,0
"Greeley Hill, CA",0630900,1831.6,21.9,55.9,1062.6,14.8961,123.6,1
"Santa Nella, CA",0670028,1824.7,25.5,59.8,1144.4,17.2154,108.5,1
"Stinson Beach, CA",0674172,1822.8,28.5,94.3,1317.7,21.319,111.5,0
"Hasley Canyon, CA",0632385,1789.3,31.5,102.7,1361.6,16.6096,97.8,8
"Fieldbrook, CA",0624008,1786,26.1,77.8,1214,14.6591,107.9,3
"Glen Ellen, CA",0630028,1783.9,25.2,70.6,1155.7,22.0443,111.7,0
"Mesa Verde, CA",0647066,1775.6,23.2,58.2,1085.7,20.6714,113.1,5
"South Dos Palos, CA",0672954,1769.1,23.5,50.4,1070.9,47.9324,107.6,1
"Mountain Gate, CA",0649558,1759.8,21.4,51.6,1034.1,33.8266,116.5,3
"Indianola, CA",0636420,1752.3,25.9,77.5,1191.4,15.677,106.6,7
"Camanche Village, CA",0610044,1749.3,26.3,77.5,1201.4,18.5143,103.9,2
"Spring Valley, Lake County, CA",0673690,1747.1,22.5,61.2,1084.8,31.5294,112.9,1
"Garberville, CA",0628154,1735.8,24.5,68,1137.9,29.0497,108.9,6
"Lytle Creek, CA",0644644,1700.7,25,74.1,1152.3,3.4483,104.1,0
"Cohasset, CA",0614442,1698.2,24.6,69.7,1119.1,9.5293,102.4,4
"Indio Hills, CA",0636452,1680,26,75.8,1160.5,10.2041,96.9,4
"Mountain Mesa, CA",0649600,1676.9,21.3,56.8,1026.5,27.771,110.8,6
"Johnstonville, CA",0637484,1674.7,25.9,79.9,1172.2,18.2703,98.7,6
"Fairmead, CA",0623210,1667.2,24.6,63.3,1102.5,5.6263,98.8,2
"Rolling Hills, Madera County, CA",0662625,1656.2,26.7,90.1,1192.4,23.5751,99.7,1
"Del Rey, CA",0618674,1654.4,22.5,49.3,1005.4,37.8205,99.9,0
"London, CA",0642566,1647.6,23.2,52.1,1033.4,40.5364,97.3,3
"Upper Lake, CA",0681358,1641.2,20.8,53.8,1007.3,24.8329,106.4,0
"Buttonwillow, CA",0609332,1627.5,22.4,50.5,1008.3,37.601,97.5,0
"Catheys Valley, CA",0612062,1626.7,25.6,84.8,1162.2,16.947,98.2,1
"Taft Mosswood, CA",0677595,1592.7,22.9,47.6,966.5,34.8568,94,3
"Shelter Cove, CA",0671372,1588.2,21.7,58.9,1019.3,26.0504,98.6,2
"Dorris, CA",0619584,1582.8,20.5,52.2,965.4,21.4677,101,4
"North Gate, CA",0651890,1582.4,32,115.8,1294,2.6738,85.4,9
"Desert Shores, CA",0619024,1575.1,19.2,44.1,912.4,31.5563,102.7,1
"Boonville, CA",0607512,1573.2,20.9,51.6,963.4,38.6973,100.2,3
"Shaver Lake, CA",0671246,1556.4,24.3,82.2,1112,6.278,94.3,1
"Geyserville, CA",0629420,1552.9,23.8,75.2,1080.7,10.6742,94.4,2
"Alto, CA",0601416,1552.4,29.1,105.9,1228.7,7.1331,87.4,3
"Fort Jones, CA",0625128,1551.1,20.9,56.9,982.7,19.0132,98.4,3
"Biola, CA",0606728,1549.1,20.5,42.7,915.9,47.7594,92.9,0
"Gerber, CA",0629392,1548.4,19.6,44.9,921.2,9.2381,97.6,0
"Avery, CA",0603316,1541.6,23.1,76.4,1076.7,7.2441,96.8,3
"Niland, CA",0651392,1529,19.7,48.3,920.5,20.9125,99.9,1
"Matheny, CA",0646223,1524.2,21.3,53.9,965.5,24.6203,93.3,2
"Zayante, CA",0687090,1518,25.4,84.6,1127.8,6.8871,87,3
"Thornton, CA",0678568,1511.3,21.5,51.2,946.1,17.1545,91.9,0
"Walker, CA",0683262,1506.6,20.6,61.6,993,4.1494,97.2,2
"Kettleman City, CA",0638394,1499.4,21.7,51.7,964.5,36.0193,88,0
"Concow, CA",0616035,1488.5,19.3,54.4,938.8,28.2579,96,3
"Gasquet, CA",0629154,1479.1,18.8,49.4,904.5,18.0577,96.5,0
"Tulelake, CA",0680686,1476.3,19.2,48.5,897.6,39.598,94.2,5
"Loyalton, CA",0644364,1466.2,19.8,53.3,917.7,16.5951,93.5,1
"Millville, CA",0647724,1465,20.6,62.1,963.5,15.978,91.8,0
"Smith River, CA",0672380,1453.7,19.9,53.1,931.6,15.3121,90.5,1
"West Park, CA",0684680,1453.5,20.1,46.8,886.7,32.439,88.7,1
"Squirrel Mountain Valley, CA",0673815,1441.4,21.1,74,994.7,27.4914,92.4,0
"Independence, CA",0636350,1438.7,19.5,57.3,931.7,9.3093,92.2,0
"Bend, CA",0605276,1437.9,22.1,73.6,1022.4,6.5183,87.8,6
"Talmage, CA",0677784,1436.2,21.9,60.1,972.2,26.4965,86.6,8
"Etna, CA",0622972,1432.8,17.9,47.8,865.5,19.5021,94.6,0
"Cleone, CA",0614008,1430.5,20.8,67.3,990.9,13.8934,90.2,4
"Tuttletown, CA",0680896,1429.9,20.3,62.9,952.9,17.7005,90.3,5
"Parklawn, CA",0655728,1426.5,19.5,42.1,868.9,15.8786,87,2
"Alta, CA",0601276,1421.9,20.6,61.8,956.1,13.985,87.6,2
"West Point, CA",0684732,1419.1,16.8,41.7,826.5,25.6259,97.4,0
"Yosemite Valley, CA",0686912,1416.5,23.2,67.4,1017.2,30.202,80.4,1
"Dorrington, CA",0619570,1402.2,19.3,59.5,914.4,5.3333,90.1,5
"Loleta, CA",0642328,1400.7,19.8,53.7,905.9,24.4417,85.5,1
"Mokelumne Hill, CA",0648480,1397.3,20.3,59.2,931.1,18.0818,85.7,0
"Scotia, CA",0670518,1394.1,21.4,57.7,933,16.4384,81.7,2
"Dobbins, CA",0619416,1393.8,20.4,60.6,934.2,20.948,85.6,2
"Bass Lake, CA",0604198,1389.3,19.8,66.8,932.2,16,91,1
"Riverdale Park, CA",0661106,1369.5,20,50.9,890.2,23.3473,81.2,2
"Manila, CA",0645414,1343.5,18.7,46.3,859.2,22.4204,82,4
"Stratford, CA",0675252,1336.7,17.3,39,801.5,35.085,82.9,0
"Junction City, CA",0637596,1327.2,17.2,48.7,827.8,15.5172,86.5,0
"Diablo Grande, CA",0619155,1319.8,21,55.8,904.7,18.4598,74.2,2
"Clyde, CA",0614232,1319.2,24.3,81.5,1056.4,12.9555,71.1,13
"Douglas City, CA",0619724,1310.9,17.2,49.5,825.5,29.5732,85.4,0
"Carnelian Bay, CA",0611418,1296.6,18.1,48.9,833.4,4.4326,80.6,0
"Oak Glen, CA",0652715,1293.8,20.8,68.3,931.3,3.6145,76.3,3
"Klamath, CA",0638702,1285.4,16.1,40.5,771.3,24.2021,85,2
"Chalfant, CA",0612594,1262.7,17.2,48.1,816.2,4.0689,78.8,4
"Woodlands, CA",0686380,1245,20.5,67.5,903.7,16.16,73.3,3
"Bangor, CA",0603792,1232.4,16.8,47.5,790.9,14.2857,77.8,0
"Grayson, CA",0630882,1230.6,17,40.2,769.3,17.78,73.9,1
"Lakehead, CA",0639514,1223.3,17.3,56.9,827.5,14.9893,79,1
"Delleker, CA",0618485,1214.7,15.3,38,734.3,10.8434,77.4,0
"Potter Valley, CA",0658506,1212.1,18.1,55.3,835.3,11.7005,74,1
"Wilkerson, CA",0685551,1207.1,17.1,53.6,801.7,7.1298,76.2,4
"June Lake, CA",0637624,1204.3,15.6,38.3,737.4,10.1142,76,21
"Jacumba, CA",0637022,1203.6,19.6,64.9,869.7,25.124,71.7,0
"Peters, CA",0656798,1199.3,19.9,66.6,881.4,9.7796,69.8,1
"Teviston, CA",0678336,1187.6,16.6,36.9,737.2,40.0318,69.5,1
"Chualar, CA",0613364,1182.8,18.1,42,764.7,5.6082,65.9,0
"Groveland, CA",0631372,1179.2,14.6,37.1,705.1,14.6959,77.8,0
"Hamilton Branch, CA",0631883,1170.1,17.3,57.5,806.7,7.6923,73.6,2
"Calpella, CA",0609990,1169,17.1,46.5,782.2,23.6607,70.4,1
"Coloma, CA",0614764,1168.6,18.5,62.4,837.9,8.2569,70.4,5
"San Geronimo, CA",0667070,1168,21.5,82.3,939.9,6.1834,66.9,2
"Bridgeport, CA",0608240,1166.6,16.9,50.7,779,4.4723,72.8,1
"Waterloo, CA",0683626,1162.4,17.5,54.2,794.9,30.9179,71.2,1
"Dustin Acres, CA",0620284,1161.4,17.2,50.4,783.7,6.9465,68.8,3
"Caspar, CA",0611768,1154,16.3,49.1,760.9,10.1761,73.4,7
"Beale AFB, CA",0604576,1147.1,19.7,40.7,780.6,6.9164,55.9,1
"Malaga, CA",0645232,1144.5,15.7,37.9,706.8,44.7968,70.9,1
"Pescadero, CA",0656756,1142,19.3,65.9,864.9,10.0583,65.9,1
"Keene, CA",0637946,1140.4,17.8,57.4,795.5,13.7045,69,3
"Onyx, CA",0653910,1136.6,14.9,44.5,727.3,19.0099,74.7,0
"Lake Hughes, CA",0639556,1131.9,17.9,54.4,803.2,12.0896,66.1,0
"Fuller Acres, CA",0627190,1130.8,16.5,43,730.4,32.5692,67.4,2
"Lake Almanor Country Club, CA",0639411,1117.3,16.5,57.3,763,7.013,72.6,2
"Hopland, CA",0634652,1109.1,15.5,40.6,716.2,24.6053,68.2,1
"Hickman, CA",0633504,1102.5,17.4,53.7,782.2,30.6003,65.5,0
"Los Berros, CA",0644042,1096,16.7,49.3,743.2,12.0588,66.1,4
"Doyle, CA",0619878,1092,13.8,34.6,657.7,8.5346,71,0
"East Tulare Villa, CA",0621210,1089.3,17.5,46.4,748.9,9.8914,59.6,7
"Fall River Mills, CA",0623532,1080.4,14.2,39.5,671.8,10.473,70.3,5
"Baker, CA",0603512,1073.4,14.9,37,678.1,18.9791,65.5,1
"Alpaugh, CA",0601164,1066,13.9,30.9,640.9,48.1718,65.7,1
"Friant, CA",0627014,1055.1,18.1,62.6,788.4,3.2967,61,2
"Miranda, CA",0648060,1054.9,13.2,32,633.1,30.0766,68.3,1
"Rail Road Flat, CA",0659220,1052.1,13.2,34.8,637.4,26.7241,69.3,1
"California Pines, CA",0609834,1037.4,14.1,40.9,663.6,15.1579,65.9,0
"Sierra Village, CA",0671834,1027.7,14.4,42.1,678.7,7.7778,64.1,0
"Tranquillity, CA",0680266,1025.8,13.5,33,625.5,50.7126,64.6,0
"Meadow Valley, CA",0646618,1024.1,13.7,39.3,655.2,14.7887,65.8,0
"San Simeon, CA",0668434,1009.3,15.5,48.2,713.4,4.3299,61,0
"Potrero, CA",0658478,1007,14.1,35.5,631.6,18.7948,61.4,0
"Ballard, CA",0603694,992.3,17.4,63.6,771.2,7.6305,58.2,6
"Fulton, CA",0628014,990.6,16.3,48.1,717.5,12.3239,55.7,10
"Cedarville, CA",0612328,983.9,12.1,31.9,592.8,19.9571,65.4,1
"Cold Springs, El Dorado County, CA",0614450,978.4,15.4,52.3,702.1,9.8468,59.2,4
"Spreckels, CA",0673612,978,16.3,48.1,696.4,15.6643,55.7,11
"Plainview, CA",0657568,976.6,13.3,31.9,610.8,38.247,59.6,0
"Nipinnawasee, CA",0651470,973.3,14.1,43.6,654.2,19.0965,60.8,2
"Westley, CA",0684480,961.3,15.2,40.4,658.6,18.1395,54,2
"Tres Pinos, CA",0680364,956.1,16.3,54.6,713.6,7.3123,54.6,3
"Valley Acres, CA",0681722,941.3,14.1,41,636.1,6.7979,55.8,3
"Sultana, CA",0675672,937.4,13.4,33.8,600.5,26.9327,56.6,0
"Vallecito, CA",0681652,908.6,13.2,42.9,620.1,12.3874,57.3,2
"Keswick, CA",0638352,905.3,12.3,35,577.7,8.8937,57.3,3
"San Ardo, CA",0664476,903.6,13.9,41.4,623.9,11.8959,54,2
"New Cuyama, CA",0651028,889.6,12.8,34.2,572.9,22.8625,54.1,2
"Chilcoot-Vinton, CA",0613077,886.9,12.4,36.3,580.1,12.201,55.3,0
"Plumas Eureka, CA",0657828,883.5,13.2,43.5,610.3,1.9048,55.1,1
"Ripley, CA",0661012,865.8,11.1,24.2,523.1,26.5252,55.9,1
"Buena Vista, CA",0608828,862.1,12.3,33.6,559.2,19.1244,53.2,9
"River Pines, CA",0661124,859.8,13,42.8,589.4,10.7692,53.6,2
"Sierra Brooks, CA",0671774,854.8,10.4,25.5,500.7,18.0778,56.1,0
"Paradise Park, CA",0655604,846,14.2,50.2,636,7.3892,50,2
"Beckwourth, CA",0604772,845,11.8,34.7,553.5,12.3426,52.8,0
"Davenport, CA",0618086,844.9,14.5,51.1,650.9,15.4378,48.7,5
"Point Arena, CA",0657876,843.1,11.5,33.2,548.7,18.7082,53.8,4
"Oak Shores, CA",0653160,837.8,12.5,38.1,573.9,10.6557,50.6,2
"Centerville, CA",0612412,836.2,13.3,42.4,602.1,9.3079,50.1,3
"Round Valley, CA",0663148,835.8,12.7,39.4,577.3,5.9102,50.4,0
"Cazadero, CA",0612146,835.7,11.7,34.8,548.4,14.0162,52.8,1
"Muir Beach, CA",0649950,827.9,17,71.3,728.4,7.4534,46,1
"Bombay Beach, CA",0607372,821.7,8.2,21.8,448.5,32.7869,61.1,1
"Mad River, CA",0645092,811,9.7,24.6,479.2,14.359,53.9,1
"Trinidad, CA",0680448,805.5,11.2,30.5,520,22.2222,50.6,0
"Orick, CA",0654218,800.5,10.5,29.2,507,20.436,51.8,0
"Garden Farms, CA",0628210,791.4,11.8,33.7,537,10.7399,47.1,0
"Clarksburg, CA",0613784,788.9,11.8,33.2,522.1,15.873,47.9,0
"Ducor, CA",0620032,782.4,11.1,29.6,501.8,41.3793,47.5,3
"Grangeville, CA",0630686,781.7,11.7,32.3,519,27.0103,46.7,3
"Bloomfield, CA",0607036,778.7,12.9,44.8,577.1,7.1429,46.3,2
"Wallace, CA",0683304,776.7,12.4,41.2,557.1,11.8687,46.7,2
"Linnell Camp, CA",0641740,776,10.4,19.6,461.8,25.9956,46.4,0
"Lake Almanor Peninsula, CA",0639420,770.9,11.5,38,532,7.4405,48.5,2
"Tehama, CA",0678106,760.7,10.3,27.6,483.7,27.1226,47.3,0
"Traver, CA",0680280,753.8,10.2,24.5,460.8,41.5671,46.4,0
"Yolo, CA",0686804,742.1,10.4,28.5,482.4,23.5656,45.6,0
"McClellan Park, CA",0644760,741,12.5,27.5,515.2,34.8777,39.7,4
"Lake Almanor West, CA",0639425,736.1,12,45.8,554.1,9.0909,46,6
"Terminous, CA",0678232,728.3,9.9,26.8,455.1,18.7805,46.8,2
"Anchor Bay, CA",0602028,726.6,9.7,27.4,459.2,14.8256,47,5
"Meridian, CA",0646926,717.5,11,35.1,502.5,21.2938,43.3,0
"Hat Creek, CA",0632408,695.6,9.6,28,451.5,12.2186,44.7,1
"Dillon Beach, CA",0619262,694,12.1,43.7,535,7.3171,41,0
"Hiouchi, CA",0633935,693.3,10.7,36.9,495.4,18.3673,43,5
"Madison, CA",0645064,692.7,9,20.8,411.6,11.985,43.4,0
"French Gulch, CA",0626056,692.5,9.5,28.2,444.1,14.6974,44.5,0
"Forbestown, CA",0624750,689.3,9,26.1,434.2,27.8287,45.1,0
"Newell, CA",0651042,689.2,8.7,22.2,416.7,32.2581,44.3,0
"Grenada, CA",0631246,686.9,8.9,23.3,420.6,22.0963,44.7,0
"Winterhaven, CA",0686020,678.1,7.8,18.9,390,36.3636,46.9,0
"Acampo, CA",0600156,675.9,10.9,36.7,485.8,12.3989,40.5,1
"Lindcove, CA",0641656,675.8,9.8,28.8,449.1,27.8302,42,3
"Coleville, CA",0614484,675.7,9.3,21.2,410.8,3.1315,40.8,0
"Yankee Hill, CA",0686678,673,8,21.1,403,28.2799,45,2
"Manton, CA",0645512,671.4,8.6,23.4,411.8,17.765,43.8,1
"Rio Oso, CA",0660970,660.4,10.7,34.4,474,8.7193,38.7,0
"El Portal, CA",0622328,653.6,10.9,31.7,471.5,30.2428,36.8,1
"West Goshen, CA",0684345,652.8,9.4,24.6,425.7,21.8045,39.6,6
"Patton Village, CA",0656140,649.4,9.3,25.9,427.1,7.9125,40.3,1
"McArthur, CA",0644700,641.8,8.6,23.7,399.8,10.3152,41.7,3
"Downieville, CA",0619794,639.3,8.5,25.6,415.5,15.5642,41.5,5
"Honcut, CA",0634428,628.2,9,27.4,410.6,16.8831,39.8,3
"Derby Acres, CA",0618926,627,9.5,29,432.9,7.5802,37.9,2
"Seville, CA",0671078,624.1,9.1,22.8,407.3,32.613,36.4,1
"Ocotillo, CA",0653378,620.4,6.6,16.2,347.7,9.2857,43.9,0
"Stirling City, CA",0674186,617.4,9.1,29,432.9,22.4756,38.3,0
"Lockwood, CA",0642146,614.6,9.3,28,421.6,10.8586,37.1,1
"Benbow, CA",0605262,608.1,8.6,23.2,396.2,29.1411,38.1,4
"Lanare, CA",0640116,606.6,8.1,17.2,363.9,38.5852,37.1,0
"Martell, CA",0646100,606.2,8.4,23.8,390.6,17.1329,38.4,7
"Fields Landing, CA",0624022,605.4,8.3,22.4,388.8,22.1831,38.8,0
"Salton Sea Beach, CA",0664308,600.9,7.6,18.2,358.5,31.1804,38.1,0
"Boulevard, CA",0607694,597.9,8.8,27.3,406.2,26.3158,37.2,1
"Guinda, CA",0631540,594.2,9.1,29.9,419.3,9.4891,36.1,0
"Lemon Cove, CA",0641110,592.5,8.8,26.6,403.1,27.1605,36.1,0
"Delft Colony, CA",0618450,592.2,9.2,28,410.5,27.5362,35.3,0
"Courtland, CA",0616714,589.8,9.3,26.6,410.1,16.9355,33.9,1
"Bodega, CA",0607246,588.2,9.9,36,449.5,4.7619,35,1
"Cromberg, CA",0617288,586.1,9,29.5,407.5,14.5749,36.1,1
"Weott, CA",0684004,579.9,7.3,17.3,347.5,29.7578,37.5,0
"Nord, CA",0651574,577.1,8.6,24,390.1,9.5522,34.1,4
"Trinity Center, CA",0680476,567.6,7.1,19.5,344.2,25.8964,37.9,1
"Trinity Village, CA",0680483,562.8,7.2,19.3,344.9,14.2857,36.9,0
"Grimes, CA",0631288,560.9,8.6,26.1,386.5,26.2755,33,0
"Iron Horse, CA",0636735,557.3,7.3,17.9,341,11.3879,35.9,2
"Swall Meadows, CA",0677430,556.9,9.6,33.9,432.7,2.7778,32.2,3
"Fiddletown, CA",0623980,551.3,8.1,26,372.4,10.7884,34.5,1
"Crows Landing, CA",0617428,551,7.6,19.2,344.3,28.841,34.3,0
"Victor, CA",0682562,550.5,8.2,24.5,371,17.7215,33.9,0
"Burnt Ranch, CA",0609150,550.1,7.2,20.1,342.6,15.1515,35.7,0
"Artois, CA",0602910,549.7,8.7,27.7,383.6,12.0275,33.1,0
"Benton, CA",0605346,548.6,7.5,20.8,353.8,4,34.1,4
"Whitley Gardens, CA",0685222,543.2,8.5,25.6,378.8,8.2237,31.7,1
"Princeton, CA",0658758,542.8,7.5,20.7,345.8,25.4839,33.4,0
"Hood, CA",0634484,541.3,7.8,21.3,350.1,16.6667,33.4,0
"Ballico, CA",0603708,535.3,8.6,23.9,362.9,25.2358,30.7,1
"Adin, CA",0600310,535.1,7.4,22.9,349,21.7742,34.3,0
"Greenhorn, CA",0631029,531.4,8.2,26.9,369.5,14.3498,33,1
"North San Juan, CA",0652246,523.3,7,19,327.8,28.9377,33.5,4
"Smith Corner, CA",0672338,521.1,7.6,19.5,337.4,22.1388,30.9,1
"Hornbrook, CA",0634694,520.6,6.2,15.5,302,25.8197,34.9,0
"Richfield, CA",0660592,515.9,7.6,22.5,349.4,17.1617,30.8,3
"College City, CA",0614554,508.9,7.5,20.7,338,24.4147,30.6,2
"Sierra City, CA",0671778,507.7,6.9,20.9,334.9,15.9204,32.5,2
"Robbins, CA",0662168,504.7,7.4,20,334,24.2424,30.2,2
"Tomales, CA",0678890,500.8,8.7,32,387,7.2464,29.6,0
"Tooleville, CA",0678949,498.8,6.8,18.5,317.7,24.6459,30.9,3
"Philo, CA",0656868,493.2,6.7,18,312.8,41.7143,31.2,0
"Dos Palos Y, CA",0619654,489.1,7.1,19.6,321.4,18.8623,30.1,0
"Sand City, CA",0665112,488.6,7.7,18.5,324.6,18.1818,27.7,6
"Port Costa, CA",0658226,487.5,8.4,28.6,368.3,5.2885,28.3,0
"Allensworth, CA",0601010,486,6.2,13.8,290.3,48.2072,30.1,0
"Fort Washington, CA",0625300,482.5,8.9,28,361.8,2.8807,26.5,9
"East Orosi, CA",0620942,482.4,7.2,18.6,319,41.5709,27.8,0
"Markleeville, CA",0645988,481.1,7,21.5,328.8,13.9896,29.7,0
"Mesa, CA",0647013,480.6,7.5,22.8,332.1,5.7377,29.1,0
"Bluewater, CA",0607172,473.1,5.6,16.1,281.3,13.6612,33,0
"Cantua Creek, CA",0610816,472.3,6.5,13.6,287.1,47.6861,27.7,0
"Cassel, CA",0611782,468.4,6.5,19.7,309,10.5769,30,0
"Calpine, CA",0610004,465.8,6.1,18.7,302.2,15.508,30.4,5
"Hyampom, CA",0636098,465.2,5.6,14.7,279.6,25.3333,30.9,2
"Moskowite Corner, CA",0649432,462.2,7.8,26.3,348.7,5.0691,25.9,2
"Sunny Slopes, CA",0676040,460.6,7.9,27.8,356.1,2.809,26.7,3
"Proberta, CA",0658814,457.7,6.3,16.2,286.8,11.4815,28.7,0
"Washington, CA",0683570,452.5,7.9,29.6,351.4,28.3422,26.6,1
"East Nicolaus, CA",0620900,451.5,6.8,21.8,307.5,8.6957,28,0
"Cowan, CA",0616762,450.4,5.9,13.9,271.2,35.2584,28.6,1
"Bieber, CA",0606336,444.9,6.5,19.8,301.9,4.7101,26.9,3
"Timber Cove, CA",0678715,444,6.5,21.1,302.4,8.1395,28.5,0
"Elmira, CA",0622146,443.9,7,21.5,312.6,8.3333,26.5,3
"Samoa, CA",0664392,443.1,6.1,15.3,283.1,22.4806,27.3,4
"Edna, CA",0621565,441.2,7.6,27.3,335.4,6.7961,26.1,7
"Cold Springs, Tuolumne County, CA",0614454,437.7,5.8,15.9,275.6,7.9545,28.1,0
"Coffee Creek, CA",0614406,434.3,5.7,16.5,273.2,15.6098,28.3,1
"Richvale, CA",0660662,431.8,6.3,17.9,285.8,22.8916,26.5,1
"East Shore, CA",0621138,427.8,6.9,26.2,319.7,8.9041,26.8,5
"Raisin City, CA",0659290,427.3,5.7,12.8,258.1,47.1464,26.1,1
"Stevinson, CA",0674144,427.1,6.6,18.1,290.2,42.7692,25.5,0
"Nicolaus, CA",0651336,426.1,6.6,21.3,294.1,8.3721,26.1,0
"Trowbridge, CA",0680560,424.2,6.8,21.9,301.1,8.5837,25.3,0
"Manchester, CA",0645386,423.5,5.4,14.5,257.9,14.7208,28.1,0
"Valley Home, CA",0681792,422.4,6.5,20,291.5,14.8148,25.3,3
"Olancha, CA",0653490,421.1,5.2,14.5,256.1,14.9733,27.8,0
"Vina, CA",0682786,418.1,6.1,18.1,282.9,26.25,25.4,0
"El Nido, CA",0622286,415.7,6,15.2,268.4,19.174,24.9,0
"Mohawk Vista, CA",0648448,412.5,6.2,20.3,284.8,2.027,25.8,1
"Crescent Mills, CA",0617050,411.3,5.3,14.2,256.4,20.442,27,2
"Amador City, CA",0601514,410.7,5.9,17.5,271.9,10.0529,25.7,5
"Lodoga, CA",0642230,407.6,5,13.2,242.5,17.1569,27,0
"Coultervillle, CA",0616644,407,4.9,12.6,234.8,13.9896,28,1
"Rackerby, CA",0659115,403,5.3,15.3,256.2,15.493,25.6,1
"Canby, CA",0610732,394.7,4.9,12.8,235,15.6997,26,2
"Rutherford, CA",0663400,390.9,6.9,26,304.9,4.0936,23.1,1
"C-Road, CA",0617267,390.4,5.9,19.5,270.5,2.1583,24.3,1
"Greenview, CA",0631134,388.9,5.2,14.2,240.4,20.202,25,0
"Paradise, Mono County, CA",0655528,386.9,6.6,23.2,297.6,2.6667,22.5,3
"Volta, CA",0683108,385.3,6.1,18.5,270.2,23.7548,22.4,3
"Pine Flat, CA",0657134,385,4.8,13.6,235.3,12.2093,25.8,0
"Albion, CA",0600716,384.7,5.1,14.4,239.6,19.0476,26,1
"Sisquoc, CA",0672086,384.5,6.8,25,298.8,9.4241,22.4,8
"Farmington, CA",0623630,381.4,6.4,21.9,283.5,9.375,21.9,1
"Lee Vining, CA",0640998,374.2,5.1,12,228.1,4.5872,22.8,1
"Long Barn, CA",0642622,373.4,4.8,13.2,232.5,7.947,24.1,0
"Palo Verde, CA",0655422,373.1,4.6,11.7,220.6,27.6836,25.4,1
"Sierraville, CA",0671848,372.6,4.7,11.5,221.5,17.4863,24.5,0
"Ruth, CA",0663386,372.4,4.2,9.8,210,14.5251,25.6,1
"Mexican Colony, CA",0647192,371.1,5.3,13.5,238.8,39.0164,22.1,0
"Cressey, CA",0617078,367.8,5.6,15.4,242.3,14.7465,21.7,3
"Snelling, CA",0672408,365.8,5.6,16.2,248.6,17.5,22,0
"Drytown, CA",0619976,364.6,5.2,15.5,239.1,10.5882,23,2
"Tecopa, CA",0678050,361.6,4.6,11.3,220.1,16.2162,23.4,0
"Herlong, CA",0633336,359.3,5.4,11.2,230.8,21.2687,20.4,0
"Dutch Flat, CA",0620298,355.8,5,14,229.6,14.4509,22.2,0
"Desert Center, CA",0618982,350.2,4.7,11.5,213.8,20.7965,22.5,4
"Spaulding, CA",0673554,348.7,4.9,14.3,226.9,22.9814,22.2,4
"Kingvale, CA",0638604,347.5,6,22.5,269.2,28.2759,20.5,1
"Mesa Vista, CA",0647086,344.7,5.3,16.9,243.4,12.2222,20.7,2
"Alderpoint, CA",0600786,343,3.8,8.7,194.7,30.1075,23.1,1
"Bear Creek, CA",0604632,342.6,5.4,12.5,226.3,28.2895,18.9,5
"La Vina, CA",0640872,342,4.7,11.6,214.5,18.8356,20.4,5
"Jenner, CA",0637274,341.5,4.9,15.6,231.5,11.1111,21.4,0
"Sereno del Mar, CA",0671000,337.7,5.4,18,242.3,12.0301,20.7,0
"Smartsville, CA",0672282,332.8,5.4,16.9,237.8,20.8791,19.4,0
"Daphnedale Park, CA",0617995,332.3,4.5,13.1,216.1,23.7805,20.8,0
"Valley Ford, CA",0681778,331.9,5.6,19.9,248.6,4.5161,19.5,0
"Big Creek, CA",0606518,330.6,5.8,18.3,250.2,7.4866,18.2,0
"Tonyville, CA",0678932,327.2,4.4,10,197.4,19.9405,19.8,0
"Camptonville, CA",0610676,326.5,4.2,10.7,198.2,20.2454,21.5,0
"Litchfield, CA",0641782,324.2,5.1,15.1,225.3,1.7143,19.4,0
"Fort Bidwell, CA",0625030,323.9,3.8,10.1,192.8,22.7848,21.8,0
"Montgomery Creek, CA",0648998,316.8,4,10.8,192.9,18.7879,21.1,1
"Verdi, CA",0682334,314.5,4.2,11.7,197.8,15.4362,19.9,0
"Franklin, Sacramento County, CA",0625506,314.3,4.9,16.1,224.4,4.8193,19,0
"Moss Landing, CA",0649488,312.9,5,14.5,216.3,13.8889,18.2,0
"Tupman, CA",0680784,312.8,4.5,14.5,215.1,7.0175,19,1
"Stonyford, CA",0675154,312.2,3.8,10.1,184.7,16.7742,20.7,0
"Pike, CA",0657036,310.5,4.3,13,207.8,16.3934,19.6,0
"Comptche, CA",0615030,309.7,4.1,10.8,192.9,30.625,20.1,1
"Kirkwood, CA",0638646,309.4,4.4,13.4,206.2,12.6667,19.2,2
"Clear Creek, CA",0613910,308.7,4.4,11.9,196.3,22.0779,19.8,0
"Wawona, CA",0683766,306.7,3.9,9.2,184.9,27.8481,20.2,1
"Clipper Mills, CA",0614148,302.9,4,11.4,191.9,28.2759,19.6,0
"Round Mountain, CA",0663134,301.3,4,11.2,188.4,18.3544,19.6,1
"Myers Flat, CA",0650146,296,3.8,8.7,176.6,29.4521,19.1,0
"Whitehawk, CA",0685086,295.3,4.5,14.7,204.1,1.9048,18.4,1
"Taylorsville, CA",0678008,294.5,3.8,10.3,183.5,20.155,19.4,1
"San Lucas, CA",0668140,293.9,4.1,9.7,186.7,15.8451,17,0
"Edmundson Acres, CA",0621558,289.4,4,8.4,175.4,31.3131,17.4,0
"Elk Creek, CA",0622006,288.5,4.3,12.8,191.6,10.9091,18.1,0
"Mono City, CA",0648602,287.2,3.9,9.3,175.6,4.7337,17.5,1
"Valley Ranch, CA",0681869,286.6,4.4,14.4,198.7,1.9802,17.9,1
"Phillipsville, CA",0656854,285.1,3.7,8.4,170.4,30,18.4,0
"Bear Valley, Alpine County, CA",0604716,276.5,4,12.1,187.9,14.4144,17,0
"Mabie, CA",0644672,273.3,3.5,8.6,165.3,10.5263,17.6,0
"Industry, CA",0636490,270.7,4.6,12.8,189,11.4035,14.9,8
"Las Flores, Tehama County, CA",0640536,269.9,3.5,7.8,160.4,9.1892,16.8,0
"Carrick, CA",0611481,269.8,3.9,10.9,175.9,26.3566,16.6,0
"Little River, CA",0641866,266.7,3.5,10,166.9,17.094,17.8,1
"Loma Mar, CA",0642384,263.5,4.8,17.9,210.2,7.5,15,0
"Volcano, CA",0683094,262.7,3.6,10.8,171.1,10.1695,16.8,3
"Leggett, CA",0641026,254.9,3.8,11.9,178.5,23.1405,15.8,2
"Bear Valley, Mariposa County, CA",0604730,249.8,3.8,12,172.8,17.5,15.7,3
"Mineral, CA",0647794,238.4,3.1,8.2,146.1,17.7419,15.5,1
"Yettem, CA",0686734,237.3,3.3,7.9,148.5,51.5982,14.4,1
"Hardwick, CA",0632156,235.6,3.6,10.3,158.5,16.9014,14,3
"Macdoel, CA",0644812,224.8,3,7.8,139.5,21.7054,14.3,1
"Three Rocks, CA",0678652,222.3,2.8,5.6,128.2,44.7876,13.8,1
"McKittrick, CA",0644924,221.1,3.2,9.9,151.4,8.1967,13.3,1
"Monson, CA",0648676,220.7,3.2,7.9,139.2,23.2323,13.6,0
"Bowles, CA",0607750,213.5,3.3,8.3,139.9,21.7143,12.4,0
"Chinese Camp, CA",0613182,210.9,3.6,12.8,160.5,10.8333,12.4,0
"Alpine Village, CA",0601228,207.2,3.2,9.8,144.7,12.6214,12.5,2
"Monterey Park Tract, CA",0648916,205.8,3.1,9,138.8,27.3381,12.5,1
"Monmouth, CA",0648592,203.1,2.8,7.1,127.6,23.75,12.2,0
"Big Bend, CA",0606475,193.6,2.4,6.4,116.8,19.4175,13,0
"Paskenta, CA",0656042,190.7,2.4,5.6,112.2,26.7857,12.4,0
"Pajaro Dunes, CA",0655048,187.7,3.3,10.2,136.1,13.1579,10.8,5
"Rodriguez Camp, CA",0662496,186.6,2.9,7.8,124.5,48.1707,10.9,0
"Fellows, CA",0623812,182.7,2.7,7.3,119.1,27.4336,11.3,0
"Cherokee Strip, CA",0612860,172.7,2.6,6.8,111.7,19.1964,10.5,3
"Flournoy, CA",0624568,170.5,2.1,4.9,98,26.7327,11.3,0
"Casmalia, CA",0611754,156.9,2.2,4.7,95.7,13.7931,9.3,0
"Milford, CA",0647472,155.8,2.3,6.2,102.4,7.8014,9.8,1
"El Rancho, CA",0622360,154.6,2.2,5.6,100,19.2308,8.9,3
"Waukena, CA",0683724,129.9,2,4.9,84.9,26.087,7.5,0
"Vernon, CA",0682422,128.7,2.1,6.6,94.3,11.3043,7.4,8
"Tuttle, CA",0680882,115.2,1.8,3.8,74.3,29.3578,6.6,1
"Johannesburg, CA",0637400,67.9,0.6,1.6,35.4,21.0191,5.1,1
"Mettler, CA",0647164,19,0.3,0.5,11.1,4.878,1.1,4
"Alleghany, CA",0600982,,,,,,,
"Almanor, CA",0601094,,,,,,,
"Aspen Springs, CA",0603026,,,,,,,
"Belden, CA",0604856,,,,,,,
"Big Lagoon, CA",0606567,,,,,,,
"Blairsden, CA",0606994,,,,,,,
"Bradley, CA",0607974,,,,,,,
"Buck Meadows, CA",0608716,,,,,,,
"Bucks Lake, CA",0608744,,,,,,,
"Butte Meadows, CA",0609318,,,,,,,
"California Hot Springs, CA",0609822,,,,,,,
"Calwa, CA",0610032,,,,,,,
"Camp Nelson, CA",0610494,,,,,,,
"Canyondam, CA",0610914,,,,,,,
"Caribou, CA",0611166,,,,,,,
"Carmet, CA",0611376,,,,,,,
"Cartago, CA",0611600,,,,,,,
"Cedar Slope, CA",0612314,,,,,,,
"Cherokee, CA",0612818,,,,,,,
"Clio, CA",0614106,,,,,,,
"Contra Costa Centre, CA",0616090,,,,,,,
"Creston, CA",0617232,,,,,,,
"Cuyama, CA",0617727,,,,,,,
"Darwin, CA",0618030,,,,,,,
"Eagleville, CA",0620424,,,,,,,
"East Whittier, CA",0621292,,,,,,,
"Edgewood, CA",0621530,,,,,,,
"Fish Camp, CA",0624218,,,,,,,
"Floriston, CA",0624526,,,,,,,
"Freeport, CA",0625590,,,,,,,
"Furnace Creek, CA",0628021,,,,,,,
"Garey, CA",0629070,,,,,,,
"Gazelle, CA",0629252,,,,,,,
"Gold Mountain, CA",0630339,,,,,,,
"Goodyears Bar, CA",0630420,,,,,,,
"Graniteville, CA",0630714,,,,,,,
"Hartland, CA",0632324,,,,,,,
"Homewood Canyon, CA",0634405,,,,,,,
"Hornitos, CA",0634708,,,,,,,
"Idlewild, CA",0636168,,,,,,,
"Indian Falls, CA",0636364,,,,,,,
"Johnsville, CA",0637512,,,,,,,
"Jurupa Valley, CA",0637692,,,,,,,
"Keddie, CA",0637904,,,,,,,
"Keeler, CA",0637918,,,,,,,
"Kennedy Meadows, CA",0638076,,,,,,,
"Lake City, CA",0639472,,,,,,,
"Lake Davis, CA",0639483,,,,,,,
"La Porte, CA",0640312,,,,,,,
"Likely, CA",0641390,,,,,,,
"Little Grass Valley, CA",0641789,,,,,,,
"Lookout, CA",0643126,,,,,,,
"McClenney Tract, CA",0644770,,,,,,,
"McGee Creek, CA",0644830,,,,,,,
"Mountain Center, CA",0649544,,,,,,,
"Mount Hebron, CA",0649768,,,,,,,
"Mount Laguna, CA",0649810,,,,,,,
"New Pine Creek, CA",0651168,,,,,,,
"Nicasio, CA",0651280,,,,,,,
"Nubieber, CA",0652610,,,,,,,
"Oakville, CA",0653196,,,,,,,
"Old Station, CA",0653602,,,,,,,
"Panorama Heights, CA",0655506,,,,,,,
"Paxton, CA",0656182,,,,,,,
"Paynes Creek, CA",0656196,,,,,,,
"Pearsonville, CA",0656294,,,,,,,
"Pierpoint, CA",0657011,,,,,,,
"Pleasure Point, CA",0657825,,,,,,,
"Ponderosa, CA",0658134,,,,,,,
"Posey, CA",0658422,,,,,,,
"Poso Park, CA",0658436,,,,,,,
"Prattville, CA",0658618,,,,,,,
"Randsburg, CA",0659668,,,,,,,
"Redcrest, CA",0659906,,,,,,,
"Robinson Mill, CA",0662200,,,,,,,
"Salmon Creek, CA",0664252,,,,,,,
"Sattley, CA",0670336,,,,,,,
"Sequoia Crest, CA",0670966,,,,,,,
"Shoshone, CA",0671680,,,,,,,
"Silver City, CA",0671932,,,,,,,
"Soda Springs, CA",0672492,,,,,,,
"Spring Garden, CA",0673654,,,,,,,
"Storrie, CA",0675168,,,,,,,
"Strawberry, Tuolumne County, CA",0675322,,,,,,,
"Sugarloaf Mountain Park, CA",0675588,,,,,,,
"Sugarloaf Saw Mill, CA",0675592,,,,,,,
"Sugarloaf Village, CA",0675596,,,,,,,
"Temescal Valley, CA",0678138,,,,,,,
"Tennant, CA",0678176,,,,,,,
"Tobin, CA",0678792,,,,,,,
"Topaz, CA",0679030,,,,,,,
"Trona, CA",0680515,,,,,,,
"Twain, CA",0680952,,,,,,,
"University of California Merced, CA",0681312,,,,,,,
"Valley Wells, CA",0681925,,,,,,,
"Vincent, CA",0682815,,,,,,,
"Warner Valley, CA",0683494,,,,,,,
"Whitewater, CA",0685208,,,,,,,
"Wilsonia, CA",0685866,,,,,,,
