"","year","zipcode","causes_of_death","count"
"1",2015,90001,"SUI",1
"2",2015,90002,"SUI",2
"3",2015,90003,"SUI",4
"4",2015,90004,"SUI",5
"5",2015,90005,"SUI",8
"6",2015,90006,"SUI",7
"7",2015,90007,"SUI",1
"8",2015,90008,"SUI",0
"9",2015,90009,"SUI",0
"10",2015,90010,"SUI",1
"11",2015,90011,"SUI",4
"12",2015,90012,"SUI",5
"13",2015,90013,"SUI",3
"14",2015,90014,"SUI",4
"15",2015,90015,"SUI",1
"16",2015,90016,"SUI",4
"17",2015,90017,"SUI",1
"18",2015,90018,"SUI",1
"19",2015,90019,"SUI",6
"20",2015,90020,"SUI",3
"21",2015,90021,"SUI",1
"22",2015,90022,"SUI",1
"23",2015,90023,"SUI",5
"24",2015,90024,"SUI",5
"25",2015,90025,"SUI",4
"26",2015,90026,"SUI",2
"27",2015,90027,"SUI",5
"28",2015,90028,"SUI",2
"29",2015,90029,"SUI",4
"30",2015,90030,"SUI",0
"31",2015,90031,"SUI",2
"32",2015,90032,"SUI",5
"33",2015,90033,"SUI",2
"34",2015,90034,"SUI",3
"35",2015,90035,"SUI",2
"36",2015,90036,"SUI",4
"37",2015,90037,"SUI",2
"38",2015,90038,"SUI",2
"39",2015,90039,"SUI",1
"40",2015,90040,"SUI",0
"41",2015,90041,"SUI",5
"42",2015,90042,"SUI",8
"43",2015,90043,"SUI",2
"44",2015,90044,"SUI",2
"45",2015,90045,"SUI",1
"46",2015,90046,"SUI",7
"47",2015,90047,"SUI",2
"48",2015,90048,"SUI",3
"49",2015,90049,"SUI",3
"50",2015,90051,"SUI",0
"51",2015,90052,"SUI",0
"52",2015,90053,"SUI",0
"53",2015,90056,"SUI",0
"54",2015,90057,"SUI",5
"55",2015,90058,"SUI",0
"56",2015,90059,"SUI",3
"57",2015,90060,"SUI",0
"58",2015,90061,"SUI",0
"59",2015,90062,"SUI",2
"60",2015,90063,"SUI",1
"61",2015,90064,"SUI",0
"62",2015,90065,"SUI",3
"63",2015,90066,"SUI",10
"64",2015,90067,"SUI",1
"65",2015,90068,"SUI",4
"66",2015,90069,"SUI",1
"67",2015,90071,"SUI",0
"68",2015,90073,"SUI",0
"69",2015,90077,"SUI",0
"70",2015,90085,"SUI",0
"71",2015,90086,"SUI",0
"72",2015,90093,"SUI",0
"73",2015,90094,"SUI",0
"74",2015,90095,"SUI",0
"75",2015,90096,"SUI",0
"76",2015,90114,"SUI",0
"77",2015,90132,"SUI",0
"78",2015,90200,"SUI",0
"79",2015,90201,"SUI",3
"80",2015,90202,"SUI",0
"81",2015,90205,"SUI",0
"82",2015,90207,"SUI",0
"83",2015,90208,"SUI",0
"84",2015,90209,"SUI",0
"85",2015,90210,"SUI",3
"86",2015,90211,"SUI",1
"87",2015,90212,"SUI",2
"88",2015,90213,"SUI",0
"89",2015,90214,"SUI",0
"90",2015,90218,"SUI",0
"91",2015,90220,"SUI",4
"92",2015,90221,"SUI",1
"93",2015,90222,"SUI",1
"94",2015,90230,"SUI",1
"95",2015,90231,"SUI",0
"96",2015,90232,"SUI",3
"97",2015,90233,"SUI",0
"98",2015,90240,"SUI",2
"99",2015,90241,"SUI",4
"100",2015,90242,"SUI",3
"101",2015,90244,"SUI",0
"102",2015,90245,"SUI",1
"103",2015,90246,"SUI",0
"104",2015,90247,"SUI",1
"105",2015,90248,"SUI",3
"106",2015,90249,"SUI",2
"107",2015,90250,"SUI",11
"108",2015,90252,"SUI",0
"109",2015,90254,"SUI",3
"110",2015,90255,"SUI",3
"111",2015,90256,"SUI",0
"112",2015,90259,"SUI",0
"113",2015,90260,"SUI",3
"114",2015,90262,"SUI",1
"115",2015,90265,"SUI",0
"116",2015,90266,"SUI",3
"117",2015,90267,"SUI",0
"118",2015,90269,"SUI",0
"119",2015,90270,"SUI",1
"120",2015,90271,"SUI",0
"121",2015,90272,"SUI",5
"122",2015,90273,"SUI",0
"123",2015,90274,"SUI",3
"124",2015,90275,"SUI",5
"125",2015,90277,"SUI",4
"126",2015,90278,"SUI",5
"127",2015,90280,"SUI",7
"128",2015,90282,"SUI",0
"129",2015,90290,"SUI",0
"130",2015,90291,"SUI",1
"131",2015,90292,"SUI",4
"132",2015,90293,"SUI",2
"133",2015,90301,"SUI",1
"134",2015,90302,"SUI",2
"135",2015,90303,"SUI",1
"136",2015,90304,"SUI",1
"137",2015,90305,"SUI",0
"138",2015,90307,"SUI",0
"139",2015,90341,"SUI",0
"140",2015,90344,"SUI",0
"141",2015,90346,"SUI",0
"142",2015,90355,"SUI",0
"143",2015,90370,"SUI",0
"144",2015,90380,"SUI",0
"145",2015,90390,"SUI",0
"146",2015,90401,"SUI",2
"147",2015,90402,"SUI",1
"148",2015,90403,"SUI",1
"149",2015,90404,"SUI",3
"150",2015,90405,"SUI",2
"151",2015,90409,"SUI",1
"152",2015,90423,"SUI",0
"153",2015,90446,"SUI",0
"154",2015,90501,"SUI",11
"155",2015,90502,"SUI",0
"156",2015,90503,"SUI",6
"157",2015,90504,"SUI",7
"158",2015,90505,"SUI",6
"159",2015,90507,"SUI",0
"160",2015,90520,"SUI",0
"161",2015,90564,"SUI",0
"162",2015,90601,"SUI",3
"163",2015,90602,"SUI",1
"164",2015,90603,"SUI",1
"165",2015,90604,"SUI",3
"166",2015,90605,"SUI",4
"167",2015,90606,"SUI",1
"168",2015,90608,"SUI",0
"169",2015,90610,"SUI",0
"170",2015,90620,"SUI",1
"171",2015,90621,"SUI",3
"172",2015,90622,"SUI",0
"173",2015,90623,"SUI",2
"174",2015,90627,"SUI",0
"175",2015,90628,"SUI",0
"176",2015,90630,"SUI",5
"177",2015,90631,"SUI",5
"178",2015,90637,"SUI",0
"179",2015,90638,"SUI",2
"180",2015,90640,"SUI",3
"181",2015,90642,"SUI",0
"182",2015,90649,"SUI",0
"183",2015,90650,"SUI",10
"184",2015,90656,"SUI",0
"185",2015,90660,"SUI",6
"186",2015,90670,"SUI",3
"187",2015,90677,"SUI",0
"188",2015,90680,"SUI",2
"189",2015,90694,"SUI",0
"190",2015,90701,"SUI",1
"191",2015,90702,"SUI",0
"192",2015,90703,"SUI",7
"193",2015,90704,"SUI",0
"194",2015,90706,"SUI",5
"195",2015,90707,"SUI",0
"196",2015,90708,"SUI",0
"197",2015,90710,"SUI",2
"198",2015,90712,"SUI",2
"199",2015,90713,"SUI",4
"200",2015,90715,"SUI",1
"201",2015,90716,"SUI",1
"202",2015,90717,"SUI",1
"203",2015,90720,"SUI",1
"204",2015,90723,"SUI",2
"205",2015,90725,"SUI",0
"206",2015,90730,"SUI",0
"207",2015,90731,"SUI",3
"208",2015,90732,"SUI",3
"209",2015,90734,"SUI",0
"210",2015,90740,"SUI",5
"211",2015,90741,"SUI",0
"212",2015,90742,"SUI",0
"213",2015,90743,"SUI",0
"214",2015,90744,"SUI",6
"215",2015,90745,"SUI",4
"216",2015,90746,"SUI",2
"217",2015,90749,"SUI",0
"218",2015,90750,"SUI",0
"219",2015,90754,"SUI",0
"220",2015,90755,"SUI",1
"221",2015,90762,"SUI",0
"222",2015,90790,"SUI",0
"223",2015,90801,"SUI",0
"224",2015,90802,"SUI",7
"225",2015,90803,"SUI",6
"226",2015,90804,"SUI",6
"227",2015,90805,"SUI",4
"228",2015,90806,"SUI",6
"229",2015,90807,"SUI",1
"230",2015,90808,"SUI",6
"231",2015,90809,"SUI",0
"232",2015,90810,"SUI",2
"233",2015,90813,"SUI",7
"234",2015,90814,"SUI",1
"235",2015,90815,"SUI",2
"236",2015,90822,"SUI",0
"237",2015,90824,"SUI",0
"238",2015,90843,"SUI",0
"239",2015,90855,"SUI",0
"240",2015,90880,"SUI",0
"241",2015,90902,"SUI",0
"242",2015,91001,"SUI",2
"243",2015,91003,"SUI",0
"244",2015,91006,"SUI",0
"245",2015,91007,"SUI",1
"246",2015,91008,"SUI",0
"247",2015,91010,"SUI",2
"248",2015,91011,"SUI",1
"249",2015,91012,"SUI",0
"250",2015,91016,"SUI",6
"251",2015,91020,"SUI",0
"252",2015,91024,"SUI",4
"253",2015,91025,"SUI",0
"254",2015,91026,"SUI",0
"255",2015,91030,"SUI",1
"256",2015,91040,"SUI",4
"257",2015,91042,"SUI",5
"258",2015,91046,"SUI",0
"259",2015,91054,"SUI",0
"260",2015,91060,"SUI",0
"261",2015,91061,"SUI",0
"262",2015,91069,"SUI",0
"263",2015,91081,"SUI",0
"264",2015,91101,"SUI",1
"265",2015,91103,"SUI",1
"266",2015,91104,"SUI",2
"267",2015,91105,"SUI",4
"268",2015,91106,"SUI",1
"269",2015,91107,"SUI",3
"270",2015,91108,"SUI",1
"271",2015,91109,"SUI",0
"272",2015,91173,"SUI",0
"273",2015,91176,"SUI",0
"274",2015,91201,"SUI",2
"275",2015,91202,"SUI",3
"276",2015,91203,"SUI",1
"277",2015,91204,"SUI",1
"278",2015,91205,"SUI",2
"279",2015,91206,"SUI",1
"280",2015,91207,"SUI",1
"281",2015,91208,"SUI",2
"282",2015,91209,"SUI",0
"283",2015,91210,"SUI",0
"284",2015,91213,"SUI",0
"285",2015,91214,"SUI",3
"286",2015,91221,"SUI",0
"287",2015,91224,"SUI",0
"288",2015,91226,"SUI",0
"289",2015,91233,"SUI",0
"290",2015,91239,"SUI",0
"291",2015,91250,"SUI",0
"292",2015,91255,"SUI",0
"293",2015,91260,"SUI",0
"294",2015,91265,"SUI",0
"295",2015,91267,"SUI",0
"296",2015,91285,"SUI",0
"297",2015,91301,"SUI",1
"298",2015,91302,"SUI",0
"299",2015,91303,"SUI",3
"300",2015,91304,"SUI",5
"301",2015,91305,"SUI",0
"302",2015,91306,"SUI",7
"303",2015,91307,"SUI",1
"304",2015,91308,"SUI",0
"305",2015,91310,"SUI",0
"306",2015,91311,"SUI",6
"307",2015,91312,"SUI",0
"308",2015,91316,"SUI",1
"309",2015,91319,"SUI",0
"310",2015,91320,"SUI",5
"311",2015,91321,"SUI",4
"312",2015,91322,"SUI",0
"313",2015,91323,"SUI",0
"314",2015,91324,"SUI",2
"315",2015,91325,"SUI",4
"316",2015,91326,"SUI",5
"317",2015,91328,"SUI",0
"318",2015,91330,"SUI",0
"319",2015,91331,"SUI",7
"320",2015,91332,"SUI",0
"321",2015,91334,"SUI",0
"322",2015,91335,"SUI",7
"323",2015,91340,"SUI",2
"324",2015,91341,"SUI",0
"325",2015,91342,"SUI",13
"326",2015,91343,"SUI",3
"327",2015,91344,"SUI",6
"328",2015,91345,"SUI",1
"329",2015,91346,"SUI",0
"330",2015,91349,"SUI",0
"331",2015,91350,"SUI",6
"332",2015,91351,"SUI",6
"333",2015,91352,"SUI",2
"334",2015,91353,"SUI",0
"335",2015,91354,"SUI",3
"336",2015,91355,"SUI",1
"337",2015,91356,"SUI",2
"338",2015,91359,"SUI",1
"339",2015,91360,"SUI",5
"340",2015,91361,"SUI",3
"341",2015,91362,"SUI",9
"342",2015,91364,"SUI",3
"343",2015,91365,"SUI",0
"344",2015,91367,"SUI",2
"345",2015,91377,"SUI",1
"346",2015,91379,"SUI",0
"347",2015,91381,"SUI",4
"348",2015,91382,"SUI",0
"349",2015,91384,"SUI",3
"350",2015,91387,"SUI",7
"351",2015,91390,"SUI",2
"352",2015,91396,"SUI",0
"353",2015,91400,"SUI",0
"354",2015,91401,"SUI",6
"355",2015,91402,"SUI",5
"356",2015,91403,"SUI",3
"357",2015,91404,"SUI",0
"358",2015,91405,"SUI",3
"359",2015,91406,"SUI",6
"360",2015,91408,"SUI",0
"361",2015,91409,"SUI",0
"362",2015,91411,"SUI",0
"363",2015,91412,"SUI",0
"364",2015,91413,"SUI",0
"365",2015,91417,"SUI",0
"366",2015,91423,"SUI",6
"367",2015,91430,"SUI",0
"368",2015,91436,"SUI",2
"369",2015,91471,"SUI",0
"370",2015,91478,"SUI",0
"371",2015,91485,"SUI",0
"372",2015,91495,"SUI",0
"373",2015,91501,"SUI",2
"374",2015,91502,"SUI",0
"375",2015,91504,"SUI",0
"376",2015,91505,"SUI",4
"377",2015,91506,"SUI",4
"378",2015,91526,"SUI",0
"379",2015,91540,"SUI",0
"380",2015,91546,"SUI",0
"381",2015,91555,"SUI",0
"382",2015,91599,"SUI",0
"383",2015,91601,"SUI",6
"384",2015,91602,"SUI",1
"385",2015,91604,"SUI",3
"386",2015,91605,"SUI",2
"387",2015,91606,"SUI",1
"388",2015,91607,"SUI",7
"389",2015,91615,"SUI",0
"390",2015,91630,"SUI",0
"391",2015,91634,"SUI",0
"392",2015,91647,"SUI",0
"393",2015,91650,"SUI",0
"394",2015,91656,"SUI",0
"395",2015,91670,"SUI",0
"396",2015,91674,"SUI",0
"397",2015,91700,"SUI",0
"398",2015,91701,"SUI",3
"399",2015,91702,"SUI",1
"400",2015,91703,"SUI",0
"401",2015,91704,"SUI",0
"402",2015,91705,"SUI",0
"403",2015,91706,"SUI",1
"404",2015,91707,"SUI",0
"405",2015,91708,"SUI",1
"406",2015,91709,"SUI",6
"407",2015,91710,"SUI",8
"408",2015,91711,"SUI",7
"409",2015,91716,"SUI",0
"410",2015,91719,"SUI",0
"411",2015,91720,"SUI",0
"412",2015,91722,"SUI",5
"413",2015,91723,"SUI",3
"414",2015,91724,"SUI",0
"415",2015,91725,"SUI",0
"416",2015,91730,"SUI",13
"417",2015,91731,"SUI",6
"418",2015,91732,"SUI",2
"419",2015,91733,"SUI",3
"420",2015,91734,"SUI",0
"421",2015,91736,"SUI",0
"422",2015,91737,"SUI",1
"423",2015,91739,"SUI",6
"424",2015,91740,"SUI",1
"425",2015,91741,"SUI",2
"426",2015,91742,"SUI",0
"427",2015,91744,"SUI",4
"428",2015,91745,"SUI",2
"429",2015,91746,"SUI",2
"430",2015,91747,"SUI",0
"431",2015,91748,"SUI",4
"432",2015,91750,"SUI",4
"433",2015,91751,"SUI",0
"434",2015,91752,"SUI",1
"435",2015,91754,"SUI",2
"436",2015,91755,"SUI",1
"437",2015,91759,"SUI",1
"438",2015,91760,"SUI",0
"439",2015,91761,"SUI",0
"440",2015,91762,"SUI",1
"441",2015,91763,"SUI",5
"442",2015,91764,"SUI",2
"443",2015,91765,"SUI",3
"444",2015,91766,"SUI",3
"445",2015,91767,"SUI",3
"446",2015,91768,"SUI",3
"447",2015,91769,"SUI",0
"448",2015,91770,"SUI",4
"449",2015,91772,"SUI",0
"450",2015,91773,"SUI",1
"451",2015,91774,"SUI",0
"452",2015,91775,"SUI",2
"453",2015,91776,"SUI",5
"454",2015,91780,"SUI",4
"455",2015,91783,"SUI",0
"456",2015,91784,"SUI",2
"457",2015,91785,"SUI",0
"458",2015,91786,"SUI",7
"459",2015,91788,"SUI",0
"460",2015,91789,"SUI",3
"461",2015,91790,"SUI",2
"462",2015,91791,"SUI",5
"463",2015,91792,"SUI",3
"464",2015,91793,"SUI",0
"465",2015,91801,"SUI",5
"466",2015,91803,"SUI",0
"467",2015,91807,"SUI",0
"468",2015,91810,"SUI",0
"469",2015,91886,"SUI",0
"470",2015,91901,"SUI",2
"471",2015,91902,"SUI",3
"472",2015,91903,"SUI",0
"473",2015,91905,"SUI",0
"474",2015,91906,"SUI",1
"475",2015,91910,"SUI",8
"476",2015,91911,"SUI",7
"477",2015,91912,"SUI",0
"478",2015,91913,"SUI",2
"479",2015,91914,"SUI",0
"480",2015,91915,"SUI",2
"481",2015,91916,"SUI",0
"482",2015,91917,"SUI",0
"483",2015,91927,"SUI",0
"484",2015,91931,"SUI",0
"485",2015,91932,"SUI",2
"486",2015,91933,"SUI",0
"487",2015,91934,"SUI",0
"488",2015,91935,"SUI",0
"489",2015,91941,"SUI",7
"490",2015,91942,"SUI",6
"491",2015,91945,"SUI",4
"492",2015,91948,"SUI",1
"493",2015,91950,"SUI",4
"494",2015,91952,"SUI",0
"495",2015,91955,"SUI",0
"496",2015,91962,"SUI",0
"497",2015,91963,"SUI",0
"498",2015,91971,"SUI",0
"499",2015,91976,"SUI",0
"500",2015,91977,"SUI",6
"501",2015,91978,"SUI",4
"502",2015,91980,"SUI",0
"503",2015,91997,"SUI",0
"504",2015,92003,"SUI",1
"505",2015,92004,"SUI",1
"506",2015,92005,"SUI",0
"507",2015,92007,"SUI",1
"508",2015,92008,"SUI",7
"509",2015,92009,"SUI",7
"510",2015,92010,"SUI",1
"511",2015,92011,"SUI",3
"512",2015,92013,"SUI",0
"513",2015,92014,"SUI",2
"514",2015,92018,"SUI",0
"515",2015,92019,"SUI",9
"516",2015,92020,"SUI",9
"517",2015,92021,"SUI",6
"518",2015,92022,"SUI",0
"519",2015,92024,"SUI",12
"520",2015,92025,"SUI",6
"521",2015,92026,"SUI",8
"522",2015,92027,"SUI",6
"523",2015,92028,"SUI",8
"524",2015,92029,"SUI",0
"525",2015,92036,"SUI",1
"526",2015,92037,"SUI",7
"527",2015,92040,"SUI",6
"528",2015,92041,"SUI",0
"529",2015,92044,"SUI",0
"530",2015,92045,"SUI",0
"531",2015,92048,"SUI",0
"532",2015,92050,"SUI",0
"533",2015,92051,"SUI",0
"534",2015,92052,"SUI",0
"535",2015,92054,"SUI",6
"536",2015,92055,"SUI",8
"537",2015,92056,"SUI",11
"538",2015,92057,"SUI",9
"539",2015,92058,"SUI",3
"540",2015,92059,"SUI",0
"541",2015,92060,"SUI",0
"542",2015,92061,"SUI",1
"543",2015,92064,"SUI",8
"544",2015,92065,"SUI",5
"545",2015,92066,"SUI",1
"546",2015,92067,"SUI",0
"547",2015,92068,"SUI",0
"548",2015,92069,"SUI",4
"549",2015,92070,"SUI",1
"550",2015,92071,"SUI",6
"551",2015,92075,"SUI",3
"552",2015,92078,"SUI",10
"553",2015,92081,"SUI",5
"554",2015,92082,"SUI",1
"555",2015,92083,"SUI",6
"556",2015,92084,"SUI",8
"557",2015,92085,"SUI",0
"558",2015,92086,"SUI",0
"559",2015,92087,"SUI",0
"560",2015,92088,"SUI",0
"561",2015,92089,"SUI",0
"562",2015,92091,"SUI",0
"563",2015,92101,"SUI",8
"564",2015,92102,"SUI",4
"565",2015,92103,"SUI",13
"566",2015,92104,"SUI",7
"567",2015,92105,"SUI",5
"568",2015,92106,"SUI",4
"569",2015,92107,"SUI",4
"570",2015,92108,"SUI",2
"571",2015,92109,"SUI",7
"572",2015,92110,"SUI",2
"573",2015,92111,"SUI",7
"574",2015,92113,"SUI",1
"575",2015,92114,"SUI",6
"576",2015,92115,"SUI",6
"577",2015,92116,"SUI",5
"578",2015,92117,"SUI",5
"579",2015,92118,"SUI",4
"580",2015,92119,"SUI",4
"581",2015,92120,"SUI",6
"582",2015,92121,"SUI",2
"583",2015,92122,"SUI",2
"584",2015,92123,"SUI",3
"585",2015,92124,"SUI",4
"586",2015,92126,"SUI",12
"587",2015,92127,"SUI",4
"588",2015,92128,"SUI",6
"589",2015,92129,"SUI",6
"590",2015,92130,"SUI",4
"591",2015,92131,"SUI",5
"592",2015,92134,"SUI",0
"593",2015,92135,"SUI",1
"594",2015,92136,"SUI",0
"595",2015,92139,"SUI",1
"596",2015,92140,"SUI",0
"597",2015,92145,"SUI",0
"598",2015,92147,"SUI",0
"599",2015,92153,"SUI",0
"600",2015,92154,"SUI",4
"601",2015,92155,"SUI",0
"602",2015,92161,"SUI",0
"603",2015,92170,"SUI",0
"604",2015,92173,"SUI",2
"605",2015,92179,"SUI",2
"606",2015,92201,"SUI",5
"607",2015,92202,"SUI",0
"608",2015,92203,"SUI",4
"609",2015,92204,"SUI",0
"610",2015,92207,"SUI",0
"611",2015,92210,"SUI",0
"612",2015,92211,"SUI",6
"613",2015,92217,"SUI",0
"614",2015,92219,"SUI",1
"615",2015,92220,"SUI",2
"616",2015,92221,"SUI",0
"617",2015,92223,"SUI",12
"618",2015,92225,"SUI",2
"619",2015,92226,"SUI",0
"620",2015,92227,"SUI",3
"621",2015,92230,"SUI",2
"622",2015,92231,"SUI",3
"623",2015,92233,"SUI",0
"624",2015,92234,"SUI",7
"625",2015,92235,"SUI",0
"626",2015,92236,"SUI",5
"627",2015,92239,"SUI",0
"628",2015,92240,"SUI",5
"629",2015,92241,"SUI",0
"630",2015,92242,"SUI",0
"631",2015,92243,"SUI",4
"632",2015,92245,"SUI",0
"633",2015,92246,"SUI",0
"634",2015,92249,"SUI",0
"635",2015,92250,"SUI",2
"636",2015,92251,"SUI",2
"637",2015,92252,"SUI",1
"638",2015,92253,"SUI",2
"639",2015,92254,"SUI",0
"640",2015,92255,"SUI",0
"641",2015,92256,"SUI",1
"642",2015,92257,"SUI",0
"643",2015,92258,"SUI",0
"644",2015,92259,"SUI",1
"645",2015,92260,"SUI",5
"646",2015,92261,"SUI",0
"647",2015,92262,"SUI",12
"648",2015,92263,"SUI",1
"649",2015,92264,"SUI",3
"650",2015,92266,"SUI",0
"651",2015,92267,"SUI",0
"652",2015,92268,"SUI",1
"653",2015,92270,"SUI",3
"654",2015,92272,"SUI",0
"655",2015,92273,"SUI",0
"656",2015,92274,"SUI",2
"657",2015,92275,"SUI",2
"658",2015,92276,"SUI",0
"659",2015,92277,"SUI",5
"660",2015,92278,"SUI",1
"661",2015,92280,"SUI",0
"662",2015,92281,"SUI",0
"663",2015,92282,"SUI",0
"664",2015,92283,"SUI",0
"665",2015,92284,"SUI",7
"666",2015,92285,"SUI",1
"667",2015,92286,"SUI",1
"668",2015,92291,"SUI",0
"669",2015,92301,"SUI",1
"670",2015,92305,"SUI",0
"671",2015,92306,"SUI",0
"672",2015,92307,"SUI",10
"673",2015,92308,"SUI",5
"674",2015,92309,"SUI",0
"675",2015,92310,"SUI",0
"676",2015,92311,"SUI",6
"677",2015,92312,"SUI",0
"678",2015,92313,"SUI",1
"679",2015,92314,"SUI",0
"680",2015,92315,"SUI",2
"681",2015,92316,"SUI",1
"682",2015,92317,"SUI",0
"683",2015,92318,"SUI",0
"684",2015,92320,"SUI",3
"685",2015,92321,"SUI",0
"686",2015,92322,"SUI",0
"687",2015,92323,"SUI",0
"688",2015,92324,"SUI",6
"689",2015,92325,"SUI",4
"690",2015,92326,"SUI",0
"691",2015,92327,"SUI",0
"692",2015,92329,"SUI",0
"693",2015,92331,"SUI",0
"694",2015,92333,"SUI",0
"695",2015,92334,"SUI",0
"696",2015,92335,"SUI",3
"697",2015,92336,"SUI",9
"698",2015,92337,"SUI",1
"699",2015,92339,"SUI",0
"700",2015,92340,"SUI",0
"701",2015,92341,"SUI",0
"702",2015,92342,"SUI",1
"703",2015,92343,"SUI",0
"704",2015,92344,"SUI",0
"705",2015,92345,"SUI",14
"706",2015,92346,"SUI",5
"707",2015,92347,"SUI",0
"708",2015,92348,"SUI",0
"709",2015,92350,"SUI",0
"710",2015,92352,"SUI",2
"711",2015,92354,"SUI",1
"712",2015,92355,"SUI",0
"713",2015,92356,"SUI",2
"714",2015,92357,"SUI",0
"715",2015,92358,"SUI",0
"716",2015,92359,"SUI",3
"717",2015,92360,"SUI",0
"718",2015,92362,"SUI",0
"719",2015,92363,"SUI",0
"720",2015,92364,"SUI",1
"721",2015,92365,"SUI",1
"722",2015,92367,"SUI",0
"723",2015,92368,"SUI",0
"724",2015,92369,"SUI",0
"725",2015,92370,"SUI",0
"726",2015,92371,"SUI",4
"727",2015,92372,"SUI",0
"728",2015,92373,"SUI",6
"729",2015,92374,"SUI",3
"730",2015,92375,"SUI",0
"731",2015,92376,"SUI",5
"732",2015,92377,"SUI",2
"733",2015,92378,"SUI",2
"734",2015,92382,"SUI",1
"735",2015,92384,"SUI",0
"736",2015,92385,"SUI",0
"737",2015,92386,"SUI",1
"738",2015,92390,"SUI",0
"739",2015,92391,"SUI",1
"740",2015,92392,"SUI",7
"741",2015,92393,"SUI",0
"742",2015,92394,"SUI",1
"743",2015,92395,"SUI",3
"744",2015,92397,"SUI",0
"745",2015,92398,"SUI",1
"746",2015,92399,"SUI",7
"747",2015,92401,"SUI",1
"748",2015,92402,"SUI",0
"749",2015,92403,"SUI",0
"750",2015,92404,"SUI",4
"751",2015,92405,"SUI",1
"752",2015,92406,"SUI",0
"753",2015,92407,"SUI",1
"754",2015,92408,"SUI",3
"755",2015,92410,"SUI",7
"756",2015,92411,"SUI",2
"757",2015,92415,"SUI",0
"758",2015,92427,"SUI",0
"759",2015,92429,"SUI",0
"760",2015,92443,"SUI",0
"761",2015,92460,"SUI",0
"762",2015,92499,"SUI",0
"763",2015,92501,"SUI",2
"764",2015,92502,"SUI",0
"765",2015,92503,"SUI",9
"766",2015,92504,"SUI",7
"767",2015,92505,"SUI",4
"768",2015,92506,"SUI",8
"769",2015,92507,"SUI",5
"770",2015,92508,"SUI",3
"771",2015,92509,"SUI",8
"772",2015,92511,"SUI",0
"773",2015,92518,"SUI",0
"774",2015,92519,"SUI",0
"775",2015,92523,"SUI",0
"776",2015,92524,"SUI",0
"777",2015,92525,"SUI",0
"778",2015,92530,"SUI",7
"779",2015,92531,"SUI",0
"780",2015,92532,"SUI",0
"781",2015,92533,"SUI",0
"782",2015,92536,"SUI",0
"783",2015,92537,"SUI",0
"784",2015,92538,"SUI",0
"785",2015,92539,"SUI",1
"786",2015,92541,"SUI",0
"787",2015,92543,"SUI",4
"788",2015,92544,"SUI",9
"789",2015,92545,"SUI",8
"790",2015,92546,"SUI",0
"791",2015,92548,"SUI",1
"792",2015,92549,"SUI",4
"793",2015,92550,"SUI",0
"794",2015,92551,"SUI",3
"795",2015,92552,"SUI",0
"796",2015,92553,"SUI",4
"797",2015,92554,"SUI",0
"798",2015,92555,"SUI",4
"799",2015,92557,"SUI",6
"800",2015,92560,"SUI",0
"801",2015,92561,"SUI",0
"802",2015,92562,"SUI",8
"803",2015,92563,"SUI",5
"804",2015,92565,"SUI",0
"805",2015,92566,"SUI",0
"806",2015,92567,"SUI",3
"807",2015,92568,"SUI",0
"808",2015,92570,"SUI",6
"809",2015,92571,"SUI",1
"810",2015,92579,"SUI",0
"811",2015,92581,"SUI",0
"812",2015,92582,"SUI",0
"813",2015,92583,"SUI",5
"814",2015,92584,"SUI",5
"815",2015,92585,"SUI",2
"816",2015,92586,"SUI",5
"817",2015,92587,"SUI",4
"818",2015,92590,"SUI",1
"819",2015,92591,"SUI",2
"820",2015,92592,"SUI",11
"821",2015,92594,"SUI",0
"822",2015,92595,"SUI",0
"823",2015,92596,"SUI",1
"824",2015,92599,"SUI",0
"825",2015,92602,"SUI",1
"826",2015,92603,"SUI",0
"827",2015,92604,"SUI",6
"828",2015,92605,"SUI",0
"829",2015,92606,"SUI",1
"830",2015,92608,"SUI",0
"831",2015,92610,"SUI",0
"832",2015,92612,"SUI",4
"833",2015,92614,"SUI",1
"834",2015,92615,"SUI",1
"835",2015,92616,"SUI",0
"836",2015,92617,"SUI",0
"837",2015,92618,"SUI",1
"838",2015,92619,"SUI",0
"839",2015,92620,"SUI",5
"840",2015,92621,"SUI",0
"841",2015,92622,"SUI",0
"842",2015,92623,"SUI",0
"843",2015,92624,"SUI",0
"844",2015,92625,"SUI",4
"845",2015,92626,"SUI",6
"846",2015,92627,"SUI",5
"847",2015,92628,"SUI",0
"848",2015,92629,"SUI",4
"849",2015,92630,"SUI",7
"850",2015,92631,"SUI",0
"851",2015,92632,"SUI",0
"852",2015,92633,"SUI",0
"853",2015,92634,"SUI",0
"854",2015,92635,"SUI",0
"855",2015,92636,"SUI",0
"856",2015,92637,"SUI",1
"857",2015,92638,"SUI",0
"858",2015,92640,"SUI",0
"859",2015,92641,"SUI",0
"860",2015,92642,"SUI",0
"861",2015,92643,"SUI",0
"862",2015,92645,"SUI",0
"863",2015,92646,"SUI",11
"864",2015,92647,"SUI",13
"865",2015,92648,"SUI",6
"866",2015,92649,"SUI",2
"867",2015,92651,"SUI",3
"868",2015,92652,"SUI",0
"869",2015,92653,"SUI",3
"870",2015,92654,"SUI",0
"871",2015,92655,"SUI",0
"872",2015,92656,"SUI",7
"873",2015,92657,"SUI",2
"874",2015,92658,"SUI",0
"875",2015,92660,"SUI",1
"876",2015,92661,"SUI",1
"877",2015,92662,"SUI",2
"878",2015,92663,"SUI",0
"879",2015,92664,"SUI",0
"880",2015,92666,"SUI",0
"881",2015,92667,"SUI",0
"882",2015,92668,"SUI",0
"883",2015,92669,"SUI",1
"884",2015,92670,"SUI",0
"885",2015,92672,"SUI",10
"886",2015,92673,"SUI",2
"887",2015,92674,"SUI",0
"888",2015,92675,"SUI",4
"889",2015,92676,"SUI",0
"890",2015,92677,"SUI",5
"891",2015,92678,"SUI",0
"892",2015,92679,"SUI",3
"893",2015,92680,"SUI",0
"894",2015,92682,"SUI",0
"895",2015,92683,"SUI",9
"896",2015,92686,"SUI",0
"897",2015,92687,"SUI",0
"898",2015,92688,"SUI",5
"899",2015,92691,"SUI",3
"900",2015,92692,"SUI",4
"901",2015,92693,"SUI",0
"902",2015,92694,"SUI",0
"903",2015,92697,"SUI",0
"904",2015,92701,"SUI",4
"905",2015,92702,"SUI",0
"906",2015,92703,"SUI",3
"907",2015,92704,"SUI",11
"908",2015,92705,"SUI",6
"909",2015,92706,"SUI",4
"910",2015,92707,"SUI",2
"911",2015,92708,"SUI",5
"912",2015,92711,"SUI",0
"913",2015,92714,"SUI",0
"914",2015,92715,"SUI",0
"915",2015,92716,"SUI",0
"916",2015,92717,"SUI",0
"917",2015,92720,"SUI",0
"918",2015,92727,"SUI",0
"919",2015,92734,"SUI",0
"920",2015,92740,"SUI",0
"921",2015,92744,"SUI",0
"922",2015,92745,"SUI",0
"923",2015,92780,"SUI",6
"924",2015,92782,"SUI",0
"925",2015,92789,"SUI",0
"926",2015,92801,"SUI",5
"927",2015,92802,"SUI",2
"928",2015,92803,"SUI",0
"929",2015,92804,"SUI",7
"930",2015,92805,"SUI",6
"931",2015,92806,"SUI",4
"932",2015,92807,"SUI",3
"933",2015,92808,"SUI",1
"934",2015,92812,"SUI",0
"935",2015,92815,"SUI",0
"936",2015,92820,"SUI",0
"937",2015,92821,"SUI",2
"938",2015,92822,"SUI",0
"939",2015,92823,"SUI",0
"940",2015,92825,"SUI",0
"941",2015,92826,"SUI",0
"942",2015,92831,"SUI",1
"943",2015,92832,"SUI",4
"944",2015,92833,"SUI",2
"945",2015,92835,"SUI",2
"946",2015,92837,"SUI",0
"947",2015,92838,"SUI",0
"948",2015,92840,"SUI",6
"949",2015,92841,"SUI",4
"950",2015,92842,"SUI",0
"951",2015,92843,"SUI",6
"952",2015,92844,"SUI",3
"953",2015,92845,"SUI",1
"954",2015,92846,"SUI",0
"955",2015,92847,"SUI",0
"956",2015,92860,"SUI",0
"957",2015,92861,"SUI",0
"958",2015,92863,"SUI",0
"959",2015,92864,"SUI",0
"960",2015,92865,"SUI",2
"961",2015,92866,"SUI",3
"962",2015,92867,"SUI",3
"963",2015,92868,"SUI",2
"964",2015,92869,"SUI",3
"965",2015,92870,"SUI",5
"966",2015,92871,"SUI",0
"967",2015,92872,"SUI",0
"968",2015,92874,"SUI",0
"969",2015,92877,"SUI",0
"970",2015,92878,"SUI",0
"971",2015,92879,"SUI",2
"972",2015,92880,"SUI",5
"973",2015,92881,"SUI",1
"974",2015,92882,"SUI",6
"975",2015,92883,"SUI",3
"976",2015,92886,"SUI",4
"977",2015,92887,"SUI",3
"978",2015,92889,"SUI",0
"979",2015,92923,"SUI",0
"980",2015,92927,"SUI",0
"981",2015,92935,"SUI",0
"982",2015,92941,"SUI",0
"983",2015,93001,"SUI",7
"984",2015,93003,"SUI",9
"985",2015,93004,"SUI",4
"986",2015,93006,"SUI",0
"987",2015,93010,"SUI",6
"988",2015,93012,"SUI",8
"989",2015,93013,"SUI",8
"990",2015,93015,"SUI",1
"991",2015,93021,"SUI",1
"992",2015,93022,"SUI",1
"993",2015,93023,"SUI",7
"994",2015,93030,"SUI",8
"995",2015,93031,"SUI",0
"996",2015,93033,"SUI",5
"997",2015,93035,"SUI",4
"998",2015,93036,"SUI",2
"999",2015,93040,"SUI",1
"1000",2015,93041,"SUI",3
"1001",2015,93060,"SUI",4
"1002",2015,93062,"SUI",0
"1003",2015,93063,"SUI",9
"1004",2015,93065,"SUI",8
"1005",2015,93066,"SUI",0
"1006",2015,93067,"SUI",0
"1007",2015,93071,"SUI",0
"1008",2015,93101,"SUI",5
"1009",2015,93102,"SUI",0
"1010",2015,93103,"SUI",4
"1011",2015,93105,"SUI",5
"1012",2015,93108,"SUI",3
"1013",2015,93109,"SUI",0
"1014",2015,93110,"SUI",6
"1015",2015,93111,"SUI",4
"1016",2015,93112,"SUI",0
"1017",2015,93116,"SUI",0
"1018",2015,93117,"SUI",3
"1019",2015,93136,"SUI",0
"1020",2015,93139,"SUI",0
"1021",2015,93142,"SUI",0
"1022",2015,93155,"SUI",0
"1023",2015,93160,"SUI",0
"1024",2015,93201,"SUI",0
"1025",2015,93202,"SUI",0
"1026",2015,93203,"SUI",2
"1027",2015,93204,"SUI",0
"1028",2015,93205,"SUI",3
"1029",2015,93206,"SUI",0
"1030",2015,93207,"SUI",0
"1031",2015,93208,"SUI",0
"1032",2015,93210,"SUI",2
"1033",2015,93211,"SUI",0
"1034",2015,93212,"SUI",3
"1035",2015,93215,"SUI",2
"1036",2015,93216,"SUI",0
"1037",2015,93218,"SUI",0
"1038",2015,93219,"SUI",0
"1039",2015,93220,"SUI",0
"1040",2015,93221,"SUI",1
"1041",2015,93222,"SUI",1
"1042",2015,93223,"SUI",3
"1043",2015,93224,"SUI",0
"1044",2015,93225,"SUI",2
"1045",2015,93226,"SUI",0
"1046",2015,93227,"SUI",0
"1047",2015,93229,"SUI",0
"1048",2015,93230,"SUI",9
"1049",2015,93232,"SUI",0
"1050",2015,93234,"SUI",1
"1051",2015,93235,"SUI",1
"1052",2015,93237,"SUI",0
"1053",2015,93238,"SUI",0
"1054",2015,93239,"SUI",0
"1055",2015,93240,"SUI",3
"1056",2015,93241,"SUI",1
"1057",2015,93242,"SUI",0
"1058",2015,93243,"SUI",0
"1059",2015,93244,"SUI",0
"1060",2015,93245,"SUI",2
"1061",2015,93247,"SUI",1
"1062",2015,93249,"SUI",0
"1063",2015,93250,"SUI",1
"1064",2015,93251,"SUI",0
"1065",2015,93252,"SUI",0
"1066",2015,93254,"SUI",0
"1067",2015,93255,"SUI",0
"1068",2015,93256,"SUI",0
"1069",2015,93257,"SUI",9
"1070",2015,93258,"SUI",0
"1071",2015,93260,"SUI",0
"1072",2015,93261,"SUI",0
"1073",2015,93263,"SUI",2
"1074",2015,93265,"SUI",2
"1075",2015,93266,"SUI",0
"1076",2015,93267,"SUI",0
"1077",2015,93268,"SUI",5
"1078",2015,93270,"SUI",1
"1079",2015,93271,"SUI",0
"1080",2015,93272,"SUI",1
"1081",2015,93273,"SUI",0
"1082",2015,93274,"SUI",9
"1083",2015,93276,"SUI",0
"1084",2015,93277,"SUI",15
"1085",2015,93279,"SUI",0
"1086",2015,93280,"SUI",3
"1087",2015,93283,"SUI",0
"1088",2015,93285,"SUI",2
"1089",2015,93286,"SUI",0
"1090",2015,93287,"SUI",0
"1091",2015,93290,"SUI",1
"1092",2015,93291,"SUI",8
"1093",2015,93292,"SUI",1
"1094",2015,93293,"SUI",0
"1095",2015,93295,"SUI",0
"1096",2015,93301,"SUI",4
"1097",2015,93303,"SUI",0
"1098",2015,93304,"SUI",4
"1099",2015,93305,"SUI",4
"1100",2015,93306,"SUI",7
"1101",2015,93307,"SUI",6
"1102",2015,93308,"SUI",10
"1103",2015,93309,"SUI",15
"1104",2015,93311,"SUI",4
"1105",2015,93312,"SUI",9
"1106",2015,93313,"SUI",4
"1107",2015,93314,"SUI",5
"1108",2015,93315,"SUI",0
"1109",2015,93330,"SUI",0
"1110",2015,93356,"SUI",0
"1111",2015,93384,"SUI",0
"1112",2015,93385,"SUI",0
"1113",2015,93401,"SUI",7
"1114",2015,93402,"SUI",1
"1115",2015,93403,"SUI",0
"1116",2015,93405,"SUI",3
"1117",2015,93406,"SUI",0
"1118",2015,93409,"SUI",3
"1119",2015,93410,"SUI",0
"1120",2015,93420,"SUI",6
"1121",2015,93421,"SUI",0
"1122",2015,93422,"SUI",4
"1123",2015,93424,"SUI",0
"1124",2015,93426,"SUI",2
"1125",2015,93427,"SUI",0
"1126",2015,93428,"SUI",2
"1127",2015,93430,"SUI",1
"1128",2015,93432,"SUI",0
"1129",2015,93433,"SUI",2
"1130",2015,93434,"SUI",0
"1131",2015,93435,"SUI",0
"1132",2015,93436,"SUI",10
"1133",2015,93437,"SUI",0
"1134",2015,93440,"SUI",1
"1135",2015,93441,"SUI",2
"1136",2015,93442,"SUI",1
"1137",2015,93444,"SUI",3
"1138",2015,93445,"SUI",1
"1139",2015,93446,"SUI",9
"1140",2015,93449,"SUI",2
"1141",2015,93450,"SUI",0
"1142",2015,93451,"SUI",1
"1143",2015,93452,"SUI",0
"1144",2015,93453,"SUI",2
"1145",2015,93454,"SUI",5
"1146",2015,93455,"SUI",6
"1147",2015,93456,"SUI",0
"1148",2015,93458,"SUI",6
"1149",2015,93460,"SUI",2
"1150",2015,93461,"SUI",0
"1151",2015,93462,"SUI",0
"1152",2015,93463,"SUI",1
"1153",2015,93465,"SUI",1
"1154",2015,93490,"SUI",0
"1155",2015,93501,"SUI",1
"1156",2015,93504,"SUI",0
"1157",2015,93505,"SUI",1
"1158",2015,93507,"SUI",0
"1159",2015,93510,"SUI",0
"1160",2015,93512,"SUI",0
"1161",2015,93513,"SUI",0
"1162",2015,93514,"SUI",1
"1163",2015,93516,"SUI",0
"1164",2015,93517,"SUI",0
"1165",2015,93518,"SUI",0
"1166",2015,93519,"SUI",0
"1167",2015,93522,"SUI",0
"1168",2015,93523,"SUI",1
"1169",2015,93526,"SUI",0
"1170",2015,93527,"SUI",1
"1171",2015,93528,"SUI",0
"1172",2015,93529,"SUI",0
"1173",2015,9353,"SUI",0
"1174",2015,93530,"SUI",1
"1175",2015,93531,"SUI",0
"1176",2015,93532,"SUI",0
"1177",2015,93533,"SUI",0
"1178",2015,93534,"SUI",2
"1179",2015,93535,"SUI",10
"1180",2015,93536,"SUI",3
"1181",2015,93539,"SUI",0
"1182",2015,93541,"SUI",0
"1183",2015,93543,"SUI",1
"1184",2015,93544,"SUI",1
"1185",2015,93545,"SUI",0
"1186",2015,93546,"SUI",0
"1187",2015,93549,"SUI",0
"1188",2015,93550,"SUI",7
"1189",2015,93551,"SUI",5
"1190",2015,93552,"SUI",2
"1191",2015,93553,"SUI",0
"1192",2015,93554,"SUI",1
"1193",2015,93555,"SUI",6
"1194",2015,93556,"SUI",0
"1195",2015,93558,"SUI",0
"1196",2015,93560,"SUI",4
"1197",2015,93561,"SUI",7
"1198",2015,93562,"SUI",0
"1199",2015,93563,"SUI",0
"1200",2015,93564,"SUI",0
"1201",2015,93567,"SUI",0
"1202",2015,93577,"SUI",0
"1203",2015,93590,"SUI",0
"1204",2015,93591,"SUI",1
"1205",2015,93601,"SUI",0
"1206",2015,93602,"SUI",0
"1207",2015,93603,"SUI",0
"1208",2015,93604,"SUI",0
"1209",2015,93605,"SUI",0
"1210",2015,93606,"SUI",0
"1211",2015,93608,"SUI",0
"1212",2015,93609,"SUI",1
"1213",2015,93610,"SUI",1
"1214",2015,93611,"SUI",5
"1215",2015,93612,"SUI",7
"1216",2015,93613,"SUI",0
"1217",2015,93614,"SUI",1
"1218",2015,93615,"SUI",0
"1219",2015,93616,"SUI",0
"1220",2015,93618,"SUI",2
"1221",2015,93619,"SUI",4
"1222",2015,93620,"SUI",1
"1223",2015,93621,"SUI",0
"1224",2015,93622,"SUI",1
"1225",2015,93623,"SUI",0
"1226",2015,93624,"SUI",0
"1227",2015,93625,"SUI",0
"1228",2015,93626,"SUI",0
"1229",2015,93627,"SUI",0
"1230",2015,93630,"SUI",2
"1231",2015,93631,"SUI",4
"1232",2015,93634,"SUI",0
"1233",2015,93635,"SUI",7
"1234",2015,93636,"SUI",0
"1235",2015,93637,"SUI",3
"1236",2015,93638,"SUI",3
"1237",2015,93640,"SUI",0
"1238",2015,93641,"SUI",0
"1239",2015,93643,"SUI",3
"1240",2015,93644,"SUI",2
"1241",2015,93645,"SUI",0
"1242",2015,93646,"SUI",0
"1243",2015,93647,"SUI",0
"1244",2015,93648,"SUI",1
"1245",2015,93650,"SUI",0
"1246",2015,93651,"SUI",1
"1247",2015,93652,"SUI",0
"1248",2015,93653,"SUI",0
"1249",2015,93654,"SUI",4
"1250",2015,93656,"SUI",0
"1251",2015,93657,"SUI",4
"1252",2015,93658,"SUI",0
"1253",2015,93659,"SUI",0
"1254",2015,93660,"SUI",0
"1255",2015,93661,"SUI",0
"1256",2015,93662,"SUI",3
"1257",2015,93664,"SUI",0
"1258",2015,93665,"SUI",0
"1259",2015,93666,"SUI",0
"1260",2015,93667,"SUI",1
"1261",2015,93668,"SUI",0
"1262",2015,93669,"SUI",0
"1263",2015,93670,"SUI",0
"1264",2015,93672,"SUI",0
"1265",2015,93673,"SUI",0
"1266",2015,93675,"SUI",0
"1267",2015,93690,"SUI",0
"1268",2015,93701,"SUI",0
"1269",2015,93702,"SUI",4
"1270",2015,93703,"SUI",6
"1271",2015,93704,"SUI",4
"1272",2015,93705,"SUI",4
"1273",2015,93706,"SUI",3
"1274",2015,93707,"SUI",0
"1275",2015,93708,"SUI",0
"1276",2015,93709,"SUI",0
"1277",2015,93710,"SUI",3
"1278",2015,93711,"SUI",5
"1279",2015,93720,"SUI",2
"1280",2015,93721,"SUI",1
"1281",2015,93722,"SUI",9
"1282",2015,93723,"SUI",0
"1283",2015,93724,"SUI",0
"1284",2015,93725,"SUI",5
"1285",2015,93726,"SUI",9
"1286",2015,93727,"SUI",2
"1287",2015,93728,"SUI",2
"1288",2015,93729,"SUI",0
"1289",2015,93730,"SUI",0
"1290",2015,93733,"SUI",0
"1291",2015,93735,"SUI",0
"1292",2015,93737,"SUI",1
"1293",2015,93767,"SUI",0
"1294",2015,93804,"SUI",0
"1295",2015,93840,"SUI",0
"1296",2015,93901,"SUI",3
"1297",2015,93905,"SUI",3
"1298",2015,93906,"SUI",8
"1299",2015,93907,"SUI",4
"1300",2015,93908,"SUI",3
"1301",2015,93920,"SUI",1
"1302",2015,93921,"SUI",1
"1303",2015,93922,"SUI",0
"1304",2015,93923,"SUI",1
"1305",2015,93924,"SUI",4
"1306",2015,93925,"SUI",0
"1307",2015,93926,"SUI",2
"1308",2015,93927,"SUI",1
"1309",2015,93930,"SUI",2
"1310",2015,93933,"SUI",3
"1311",2015,93940,"SUI",3
"1312",2015,93942,"SUI",0
"1313",2015,93950,"SUI",6
"1314",2015,93953,"SUI",1
"1315",2015,93954,"SUI",0
"1316",2015,93955,"SUI",3
"1317",2015,93960,"SUI",1
"1318",2015,93962,"SUI",0
"1319",2015,94002,"SUI",2
"1320",2015,94003,"SUI",0
"1321",2015,94005,"SUI",0
"1322",2015,94007,"SUI",0
"1323",2015,94010,"SUI",4
"1324",2015,94011,"SUI",0
"1325",2015,94012,"SUI",0
"1326",2015,94013,"SUI",0
"1327",2015,94014,"SUI",2
"1328",2015,94015,"SUI",5
"1329",2015,94017,"SUI",0
"1330",2015,94018,"SUI",0
"1331",2015,94019,"SUI",0
"1332",2015,94020,"SUI",0
"1333",2015,94021,"SUI",0
"1334",2015,94022,"SUI",1
"1335",2015,94024,"SUI",1
"1336",2015,94025,"SUI",3
"1337",2015,94026,"SUI",0
"1338",2015,94027,"SUI",1
"1339",2015,94028,"SUI",0
"1340",2015,94030,"SUI",2
"1341",2015,94031,"SUI",0
"1342",2015,94032,"SUI",0
"1343",2015,94035,"SUI",0
"1344",2015,94036,"SUI",0
"1345",2015,94037,"SUI",0
"1346",2015,94038,"SUI",0
"1347",2015,94040,"SUI",0
"1348",2015,94041,"SUI",2
"1349",2015,94042,"SUI",0
"1350",2015,94043,"SUI",4
"1351",2015,94044,"SUI",2
"1352",2015,94045,"SUI",0
"1353",2015,94060,"SUI",0
"1354",2015,94061,"SUI",4
"1355",2015,94062,"SUI",4
"1356",2015,94063,"SUI",4
"1357",2015,94065,"SUI",0
"1358",2015,94066,"SUI",4
"1359",2015,94070,"SUI",3
"1360",2015,94075,"SUI",0
"1361",2015,94080,"SUI",5
"1362",2015,94085,"SUI",2
"1363",2015,94086,"SUI",5
"1364",2015,94087,"SUI",4
"1365",2015,94088,"SUI",0
"1366",2015,94089,"SUI",0
"1367",2015,94101,"SUI",0
"1368",2015,94102,"SUI",5
"1369",2015,94103,"SUI",9
"1370",2015,94104,"SUI",0
"1371",2015,94105,"SUI",1
"1372",2015,94106,"SUI",0
"1373",2015,94107,"SUI",3
"1374",2015,94108,"SUI",2
"1375",2015,94109,"SUI",13
"1376",2015,94110,"SUI",10
"1377",2015,94111,"SUI",1
"1378",2015,94112,"SUI",6
"1379",2015,94113,"SUI",0
"1380",2015,94114,"SUI",5
"1381",2015,94115,"SUI",2
"1382",2015,94116,"SUI",6
"1383",2015,94117,"SUI",2
"1384",2015,94118,"SUI",4
"1385",2015,94119,"SUI",0
"1386",2015,94121,"SUI",5
"1387",2015,94122,"SUI",2
"1388",2015,94123,"SUI",2
"1389",2015,94124,"SUI",2
"1390",2015,94126,"SUI",0
"1391",2015,94127,"SUI",1
"1392",2015,94129,"SUI",0
"1393",2015,94130,"SUI",0
"1394",2015,94131,"SUI",6
"1395",2015,94132,"SUI",2
"1396",2015,94133,"SUI",5
"1397",2015,94134,"SUI",6
"1398",2015,94143,"SUI",0
"1399",2015,94156,"SUI",0
"1400",2015,94158,"SUI",0
"1401",2015,94159,"SUI",0
"1402",2015,94207,"SUI",0
"1403",2015,94240,"SUI",0
"1404",2015,94249,"SUI",0
"1405",2015,94280,"SUI",0
"1406",2015,94301,"SUI",1
"1407",2015,94303,"SUI",5
"1408",2015,94304,"SUI",1
"1409",2015,94305,"SUI",1
"1410",2015,94306,"SUI",4
"1411",2015,94309,"SUI",0
"1412",2015,94348,"SUI",0
"1413",2015,94400,"SUI",0
"1414",2015,94401,"SUI",4
"1415",2015,94402,"SUI",2
"1416",2015,94403,"SUI",4
"1417",2015,94404,"SUI",3
"1418",2015,94415,"SUI",0
"1419",2015,94493,"SUI",0
"1420",2015,94501,"SUI",5
"1421",2015,94502,"SUI",1
"1422",2015,94503,"SUI",2
"1423",2015,94505,"SUI",0
"1424",2015,94506,"SUI",0
"1425",2015,94507,"SUI",2
"1426",2015,94508,"SUI",1
"1427",2015,94509,"SUI",8
"1428",2015,94510,"SUI",2
"1429",2015,94511,"SUI",0
"1430",2015,94512,"SUI",0
"1431",2015,94513,"SUI",7
"1432",2015,94514,"SUI",1
"1433",2015,94515,"SUI",2
"1434",2015,94516,"SUI",0
"1435",2015,94517,"SUI",0
"1436",2015,94518,"SUI",4
"1437",2015,94519,"SUI",3
"1438",2015,94520,"SUI",4
"1439",2015,94521,"SUI",2
"1440",2015,94522,"SUI",0
"1441",2015,94523,"SUI",4
"1442",2015,94525,"SUI",0
"1443",2015,94526,"SUI",2
"1444",2015,94528,"SUI",0
"1445",2015,94530,"SUI",3
"1446",2015,94531,"SUI",2
"1447",2015,94533,"SUI",10
"1448",2015,94534,"SUI",8
"1449",2015,94535,"SUI",0
"1450",2015,94536,"SUI",4
"1451",2015,94538,"SUI",8
"1452",2015,94539,"SUI",0
"1453",2015,94540,"SUI",0
"1454",2015,94541,"SUI",8
"1455",2015,94542,"SUI",1
"1456",2015,94543,"SUI",0
"1457",2015,94544,"SUI",5
"1458",2015,94545,"SUI",7
"1459",2015,94546,"SUI",3
"1460",2015,94547,"SUI",1
"1461",2015,94548,"SUI",0
"1462",2015,94549,"SUI",4
"1463",2015,94550,"SUI",10
"1464",2015,94551,"SUI",3
"1465",2015,94552,"SUI",1
"1466",2015,94553,"SUI",3
"1467",2015,94555,"SUI",1
"1468",2015,94556,"SUI",2
"1469",2015,94557,"SUI",0
"1470",2015,94558,"SUI",7
"1471",2015,94559,"SUI",6
"1472",2015,94560,"SUI",1
"1473",2015,94561,"SUI",6
"1474",2015,94563,"SUI",2
"1475",2015,94564,"SUI",2
"1476",2015,94565,"SUI",11
"1477",2015,94566,"SUI",1
"1478",2015,94567,"SUI",0
"1479",2015,94568,"SUI",4
"1480",2015,94569,"SUI",0
"1481",2015,94570,"SUI",0
"1482",2015,94571,"SUI",2
"1483",2015,94572,"SUI",1
"1484",2015,94573,"SUI",0
"1485",2015,94574,"SUI",1
"1486",2015,94576,"SUI",0
"1487",2015,94577,"SUI",3
"1488",2015,94578,"SUI",3
"1489",2015,94579,"SUI",3
"1490",2015,94580,"SUI",4
"1491",2015,94581,"SUI",0
"1492",2015,94582,"SUI",2
"1493",2015,94583,"SUI",0
"1494",2015,94585,"SUI",3
"1495",2015,94586,"SUI",0
"1496",2015,94587,"SUI",9
"1497",2015,94588,"SUI",2
"1498",2015,94589,"SUI",5
"1499",2015,94590,"SUI",4
"1500",2015,94591,"SUI",5
"1501",2015,94592,"SUI",0
"1502",2015,94594,"SUI",0
"1503",2015,94595,"SUI",2
"1504",2015,94596,"SUI",2
"1505",2015,94597,"SUI",4
"1506",2015,94598,"SUI",2
"1507",2015,94599,"SUI",1
"1508",2015,94601,"SUI",4
"1509",2015,94602,"SUI",4
"1510",2015,94603,"SUI",1
"1511",2015,94604,"SUI",0
"1512",2015,94605,"SUI",6
"1513",2015,94606,"SUI",3
"1514",2015,94607,"SUI",5
"1515",2015,94608,"SUI",3
"1516",2015,94609,"SUI",3
"1517",2015,94610,"SUI",5
"1518",2015,94611,"SUI",5
"1519",2015,94612,"SUI",2
"1520",2015,94613,"SUI",1
"1521",2015,94615,"SUI",0
"1522",2015,94618,"SUI",1
"1523",2015,94619,"SUI",4
"1524",2015,94621,"SUI",3
"1525",2015,94632,"SUI",0
"1526",2015,94648,"SUI",0
"1527",2015,94662,"SUI",0
"1528",2015,94688,"SUI",0
"1529",2015,94701,"SUI",0
"1530",2015,94702,"SUI",1
"1531",2015,94703,"SUI",3
"1532",2015,94704,"SUI",0
"1533",2015,94705,"SUI",3
"1534",2015,94706,"SUI",0
"1535",2015,94707,"SUI",1
"1536",2015,94708,"SUI",0
"1537",2015,94709,"SUI",1
"1538",2015,94710,"SUI",0
"1539",2015,94714,"SUI",0
"1540",2015,94745,"SUI",0
"1541",2015,94754,"SUI",0
"1542",2015,94758,"SUI",0
"1543",2015,94801,"SUI",7
"1544",2015,94802,"SUI",0
"1545",2015,94803,"SUI",2
"1546",2015,94804,"SUI",4
"1547",2015,94805,"SUI",2
"1548",2015,94806,"SUI",7
"1549",2015,94807,"SUI",0
"1550",2015,94814,"SUI",0
"1551",2015,94816,"SUI",0
"1552",2015,94820,"SUI",0
"1553",2015,94831,"SUI",0
"1554",2015,94842,"SUI",0
"1555",2015,94843,"SUI",0
"1556",2015,94901,"SUI",4
"1557",2015,94903,"SUI",7
"1558",2015,94904,"SUI",0
"1559",2015,94905,"SUI",0
"1560",2015,94912,"SUI",0
"1561",2015,94920,"SUI",1
"1562",2015,94922,"SUI",0
"1563",2015,94923,"SUI",0
"1564",2015,94924,"SUI",1
"1565",2015,94925,"SUI",0
"1566",2015,94928,"SUI",7
"1567",2015,94929,"SUI",0
"1568",2015,94930,"SUI",1
"1569",2015,94931,"SUI",0
"1570",2015,94933,"SUI",0
"1571",2015,94937,"SUI",0
"1572",2015,94938,"SUI",0
"1573",2015,94939,"SUI",0
"1574",2015,94940,"SUI",1
"1575",2015,94941,"SUI",3
"1576",2015,94942,"SUI",0
"1577",2015,94945,"SUI",4
"1578",2015,94946,"SUI",0
"1579",2015,94947,"SUI",2
"1580",2015,94948,"SUI",0
"1581",2015,94949,"SUI",1
"1582",2015,94950,"SUI",0
"1583",2015,94951,"SUI",0
"1584",2015,94952,"SUI",1
"1585",2015,94954,"SUI",4
"1586",2015,94956,"SUI",0
"1587",2015,94957,"SUI",2
"1588",2015,94959,"SUI",0
"1589",2015,94960,"SUI",1
"1590",2015,94961,"SUI",0
"1591",2015,94963,"SUI",0
"1592",2015,94964,"SUI",2
"1593",2015,94965,"SUI",1
"1594",2015,94970,"SUI",0
"1595",2015,94971,"SUI",0
"1596",2015,94972,"SUI",0
"1597",2015,94973,"SUI",0
"1598",2015,95001,"SUI",0
"1599",2015,95002,"SUI",0
"1600",2015,95003,"SUI",7
"1601",2015,95004,"SUI",0
"1602",2015,95005,"SUI",2
"1603",2015,95006,"SUI",0
"1604",2015,95007,"SUI",1
"1605",2015,95008,"SUI",6
"1606",2015,95010,"SUI",0
"1607",2015,95012,"SUI",0
"1608",2015,95013,"SUI",0
"1609",2015,95014,"SUI",6
"1610",2015,95017,"SUI",0
"1611",2015,95018,"SUI",1
"1612",2015,95019,"SUI",0
"1613",2015,95020,"SUI",9
"1614",2015,95021,"SUI",0
"1615",2015,95022,"SUI",0
"1616",2015,95023,"SUI",5
"1617",2015,95025,"SUI",0
"1618",2015,95026,"SUI",0
"1619",2015,95028,"SUI",0
"1620",2015,95030,"SUI",3
"1621",2015,95031,"SUI",0
"1622",2015,95032,"SUI",3
"1623",2015,95033,"SUI",1
"1624",2015,95034,"SUI",0
"1625",2015,95035,"SUI",5
"1626",2015,95036,"SUI",0
"1627",2015,95037,"SUI",5
"1628",2015,95038,"SUI",0
"1629",2015,95039,"SUI",0
"1630",2015,95040,"SUI",0
"1631",2015,95041,"SUI",0
"1632",2015,95042,"SUI",0
"1633",2015,95043,"SUI",0
"1634",2015,95045,"SUI",1
"1635",2015,95046,"SUI",0
"1636",2015,95050,"SUI",2
"1637",2015,95051,"SUI",5
"1638",2015,95054,"SUI",2
"1639",2015,95057,"SUI",0
"1640",2015,95060,"SUI",10
"1641",2015,95062,"SUI",9
"1642",2015,95063,"SUI",0
"1643",2015,95064,"SUI",0
"1644",2015,95065,"SUI",2
"1645",2015,95066,"SUI",3
"1646",2015,95070,"SUI",4
"1647",2015,95071,"SUI",0
"1648",2015,95073,"SUI",1
"1649",2015,95075,"SUI",0
"1650",2015,95076,"SUI",9
"1651",2015,95085,"SUI",0
"1652",2015,95087,"SUI",0
"1653",2015,95110,"SUI",1
"1654",2015,95111,"SUI",5
"1655",2015,95112,"SUI",5
"1656",2015,95113,"SUI",1
"1657",2015,95114,"SUI",0
"1658",2015,95116,"SUI",2
"1659",2015,95117,"SUI",2
"1660",2015,95118,"SUI",6
"1661",2015,95119,"SUI",1
"1662",2015,95120,"SUI",3
"1663",2015,95121,"SUI",2
"1664",2015,95122,"SUI",7
"1665",2015,95123,"SUI",2
"1666",2015,95124,"SUI",3
"1667",2015,95125,"SUI",4
"1668",2015,95126,"SUI",4
"1669",2015,95127,"SUI",3
"1670",2015,95128,"SUI",4
"1671",2015,95129,"SUI",3
"1672",2015,95130,"SUI",1
"1673",2015,95131,"SUI",4
"1674",2015,95132,"SUI",2
"1675",2015,95133,"SUI",3
"1676",2015,95134,"SUI",1
"1677",2015,95135,"SUI",1
"1678",2015,95136,"SUI",4
"1679",2015,95137,"SUI",0
"1680",2015,95138,"SUI",0
"1681",2015,95139,"SUI",0
"1682",2015,95140,"SUI",1
"1683",2015,95148,"SUI",2
"1684",2015,95150,"SUI",0
"1685",2015,95158,"SUI",0
"1686",2015,95166,"SUI",0
"1687",2015,95189,"SUI",1
"1688",2015,95201,"SUI",0
"1689",2015,95202,"SUI",3
"1690",2015,95203,"SUI",3
"1691",2015,95204,"SUI",5
"1692",2015,95205,"SUI",5
"1693",2015,95206,"SUI",1
"1694",2015,95207,"SUI",7
"1695",2015,95208,"SUI",0
"1696",2015,95209,"SUI",3
"1697",2015,95210,"SUI",1
"1698",2015,95212,"SUI",3
"1699",2015,95213,"SUI",0
"1700",2015,95215,"SUI",2
"1701",2015,95217,"SUI",0
"1702",2015,95218,"SUI",0
"1703",2015,95219,"SUI",3
"1704",2015,95220,"SUI",1
"1705",2015,95221,"SUI",0
"1706",2015,95222,"SUI",1
"1707",2015,95223,"SUI",1
"1708",2015,95224,"SUI",0
"1709",2015,95225,"SUI",0
"1710",2015,95226,"SUI",0
"1711",2015,95227,"SUI",0
"1712",2015,95228,"SUI",5
"1713",2015,95230,"SUI",0
"1714",2015,95231,"SUI",0
"1715",2015,95232,"SUI",0
"1716",2015,95233,"SUI",0
"1717",2015,95236,"SUI",0
"1718",2015,95237,"SUI",0
"1719",2015,9524,"SUI",0
"1720",2015,95240,"SUI",2
"1721",2015,95241,"SUI",0
"1722",2015,95242,"SUI",4
"1723",2015,95243,"SUI",1
"1724",2015,95245,"SUI",1
"1725",2015,95246,"SUI",2
"1726",2015,95247,"SUI",2
"1727",2015,95248,"SUI",0
"1728",2015,95249,"SUI",3
"1729",2015,95250,"SUI",0
"1730",2015,95251,"SUI",0
"1731",2015,95252,"SUI",7
"1732",2015,95253,"SUI",0
"1733",2015,95254,"SUI",0
"1734",2015,95255,"SUI",0
"1735",2015,95257,"SUI",0
"1736",2015,95258,"SUI",0
"1737",2015,95259,"SUI",0
"1738",2015,95261,"SUI",0
"1739",2015,95262,"SUI",0
"1740",2015,95264,"SUI",0
"1741",2015,95269,"SUI",0
"1742",2015,95297,"SUI",0
"1743",2015,95301,"SUI",4
"1744",2015,95303,"SUI",0
"1745",2015,95304,"SUI",0
"1746",2015,95305,"SUI",0
"1747",2015,95306,"SUI",0
"1748",2015,95307,"SUI",4
"1749",2015,95308,"SUI",0
"1750",2015,95309,"SUI",0
"1751",2015,95310,"SUI",0
"1752",2015,95311,"SUI",1
"1753",2015,95313,"SUI",0
"1754",2015,95315,"SUI",1
"1755",2015,95316,"SUI",1
"1756",2015,95317,"SUI",0
"1757",2015,95318,"SUI",0
"1758",2015,95319,"SUI",0
"1759",2015,95320,"SUI",1
"1760",2015,95321,"SUI",0
"1761",2015,95322,"SUI",2
"1762",2015,95323,"SUI",0
"1763",2015,95324,"SUI",1
"1764",2015,95325,"SUI",0
"1765",2015,95326,"SUI",0
"1766",2015,95327,"SUI",1
"1767",2015,95328,"SUI",1
"1768",2015,95329,"SUI",1
"1769",2015,95330,"SUI",2
"1770",2015,95333,"SUI",2
"1771",2015,95334,"SUI",1
"1772",2015,95335,"SUI",0
"1773",2015,95336,"SUI",4
"1774",2015,95337,"SUI",6
"1775",2015,95338,"SUI",6
"1776",2015,95340,"SUI",6
"1777",2015,95341,"SUI",4
"1778",2015,95344,"SUI",0
"1779",2015,95345,"SUI",0
"1780",2015,95346,"SUI",1
"1781",2015,95348,"SUI",6
"1782",2015,95350,"SUI",2
"1783",2015,95351,"SUI",8
"1784",2015,95353,"SUI",0
"1785",2015,95354,"SUI",4
"1786",2015,95355,"SUI",8
"1787",2015,95356,"SUI",5
"1788",2015,95357,"SUI",2
"1789",2015,95358,"SUI",3
"1790",2015,95359,"SUI",0
"1791",2015,95360,"SUI",0
"1792",2015,95361,"SUI",5
"1793",2015,95362,"SUI",0
"1794",2015,95363,"SUI",3
"1795",2015,95364,"SUI",0
"1796",2015,95365,"SUI",0
"1797",2015,95366,"SUI",3
"1798",2015,95367,"SUI",0
"1799",2015,95368,"SUI",1
"1800",2015,95369,"SUI",0
"1801",2015,95370,"SUI",11
"1802",2015,95372,"SUI",1
"1803",2015,95374,"SUI",1
"1804",2015,95375,"SUI",0
"1805",2015,95376,"SUI",5
"1806",2015,95377,"SUI",1
"1807",2015,95379,"SUI",0
"1808",2015,95380,"SUI",1
"1809",2015,95381,"SUI",0
"1810",2015,95382,"SUI",2
"1811",2015,95383,"SUI",2
"1812",2015,95384,"SUI",0
"1813",2015,95385,"SUI",0
"1814",2015,95386,"SUI",1
"1815",2015,95387,"SUI",0
"1816",2015,95388,"SUI",1
"1817",2015,95389,"SUI",0
"1818",2015,95391,"SUI",1
"1819",2015,95392,"SUI",0
"1820",2015,95401,"SUI",2
"1821",2015,95402,"SUI",0
"1822",2015,95403,"SUI",6
"1823",2015,95404,"SUI",7
"1824",2015,95405,"SUI",7
"1825",2015,95407,"SUI",2
"1826",2015,95409,"SUI",5
"1827",2015,95410,"SUI",2
"1828",2015,95412,"SUI",0
"1829",2015,95415,"SUI",1
"1830",2015,95416,"SUI",0
"1831",2015,95419,"SUI",0
"1832",2015,95420,"SUI",0
"1833",2015,95421,"SUI",0
"1834",2015,95422,"SUI",6
"1835",2015,95423,"SUI",2
"1836",2015,95424,"SUI",0
"1837",2015,95425,"SUI",2
"1838",2015,95426,"SUI",0
"1839",2015,95428,"SUI",0
"1840",2015,95430,"SUI",0
"1841",2015,95431,"SUI",0
"1842",2015,95432,"SUI",0
"1843",2015,95433,"SUI",0
"1844",2015,95435,"SUI",1
"1845",2015,95436,"SUI",1
"1846",2015,95437,"SUI",3
"1847",2015,95439,"SUI",0
"1848",2015,95440,"SUI",0
"1849",2015,95441,"SUI",2
"1850",2015,95442,"SUI",0
"1851",2015,95443,"SUI",0
"1852",2015,95444,"SUI",0
"1853",2015,95445,"SUI",0
"1854",2015,95446,"SUI",2
"1855",2015,95448,"SUI",3
"1856",2015,95449,"SUI",0
"1857",2015,95450,"SUI",0
"1858",2015,95451,"SUI",3
"1859",2015,95452,"SUI",0
"1860",2015,95453,"SUI",2
"1861",2015,95454,"SUI",1
"1862",2015,95456,"SUI",0
"1863",2015,95457,"SUI",2
"1864",2015,95458,"SUI",2
"1865",2015,95459,"SUI",0
"1866",2015,95460,"SUI",0
"1867",2015,95461,"SUI",2
"1868",2015,95462,"SUI",0
"1869",2015,95463,"SUI",0
"1870",2015,95464,"SUI",1
"1871",2015,95465,"SUI",1
"1872",2015,95466,"SUI",0
"1873",2015,95467,"SUI",4
"1874",2015,95468,"SUI",0
"1875",2015,95469,"SUI",2
"1876",2015,95470,"SUI",3
"1877",2015,95471,"SUI",0
"1878",2015,95472,"SUI",4
"1879",2015,95475,"SUI",0
"1880",2015,95476,"SUI",4
"1881",2015,95477,"SUI",0
"1882",2015,95482,"SUI",3
"1883",2015,95483,"SUI",0
"1884",2015,95485,"SUI",0
"1885",2015,95488,"SUI",0
"1886",2015,95490,"SUI",0
"1887",2015,95492,"SUI",4
"1888",2015,95493,"SUI",0
"1889",2015,95494,"SUI",0
"1890",2015,95497,"SUI",1
"1891",2015,95501,"SUI",10
"1892",2015,95503,"SUI",6
"1893",2015,95504,"SUI",0
"1894",2015,95511,"SUI",1
"1895",2015,95514,"SUI",0
"1896",2015,95518,"SUI",0
"1897",2015,95519,"SUI",4
"1898",2015,95521,"SUI",4
"1899",2015,95524,"SUI",0
"1900",2015,95525,"SUI",0
"1901",2015,95526,"SUI",0
"1902",2015,95527,"SUI",0
"1903",2015,95528,"SUI",1
"1904",2015,95531,"SUI",1
"1905",2015,95532,"SUI",0
"1906",2015,95536,"SUI",1
"1907",2015,95537,"SUI",0
"1908",2015,95540,"SUI",1
"1909",2015,95542,"SUI",1
"1910",2015,95543,"SUI",0
"1911",2015,95545,"SUI",0
"1912",2015,95546,"SUI",4
"1913",2015,95547,"SUI",0
"1914",2015,95548,"SUI",0
"1915",2015,95549,"SUI",0
"1916",2015,95551,"SUI",0
"1917",2015,95552,"SUI",1
"1918",2015,95553,"SUI",0
"1919",2015,95554,"SUI",0
"1920",2015,95555,"SUI",0
"1921",2015,95556,"SUI",0
"1922",2015,95558,"SUI",0
"1923",2015,95559,"SUI",0
"1924",2015,95560,"SUI",1
"1925",2015,95561,"SUI",0
"1926",2015,95562,"SUI",1
"1927",2015,95563,"SUI",0
"1928",2015,95564,"SUI",0
"1929",2015,95565,"SUI",0
"1930",2015,95567,"SUI",2
"1931",2015,95568,"SUI",0
"1932",2015,95569,"SUI",0
"1933",2015,95570,"SUI",2
"1934",2015,95571,"SUI",0
"1935",2015,95573,"SUI",1
"1936",2015,95583,"SUI",0
"1937",2015,95585,"SUI",0
"1938",2015,95587,"SUI",0
"1939",2015,95589,"SUI",0
"1940",2015,95595,"SUI",0
"1941",2015,95601,"SUI",0
"1942",2015,95602,"SUI",4
"1943",2015,95603,"SUI",4
"1944",2015,95605,"SUI",3
"1945",2015,95606,"SUI",0
"1946",2015,95607,"SUI",0
"1947",2015,95608,"SUI",9
"1948",2015,95609,"SUI",0
"1949",2015,95610,"SUI",11
"1950",2015,95611,"SUI",0
"1951",2015,95612,"SUI",0
"1952",2015,95613,"SUI",0
"1953",2015,95614,"SUI",1
"1954",2015,95615,"SUI",0
"1955",2015,95616,"SUI",6
"1956",2015,95617,"SUI",0
"1957",2015,95618,"SUI",3
"1958",2015,95619,"SUI",0
"1959",2015,95620,"SUI",1
"1960",2015,95621,"SUI",7
"1961",2015,95622,"SUI",0
"1962",2015,95623,"SUI",2
"1963",2015,95624,"SUI",6
"1964",2015,95625,"SUI",0
"1965",2015,95626,"SUI",4
"1966",2015,95627,"SUI",0
"1967",2015,95628,"SUI",8
"1968",2015,95629,"SUI",0
"1969",2015,95630,"SUI",6
"1970",2015,95631,"SUI",1
"1971",2015,95632,"SUI",4
"1972",2015,95633,"SUI",2
"1973",2015,95634,"SUI",1
"1974",2015,95635,"SUI",0
"1975",2015,95636,"SUI",0
"1976",2015,95637,"SUI",0
"1977",2015,95638,"SUI",0
"1978",2015,95639,"SUI",0
"1979",2015,95640,"SUI",3
"1980",2015,95641,"SUI",0
"1981",2015,95642,"SUI",3
"1982",2015,95645,"SUI",0
"1983",2015,95647,"SUI",0
"1984",2015,95648,"SUI",6
"1985",2015,95650,"SUI",2
"1986",2015,95651,"SUI",1
"1987",2015,95652,"SUI",0
"1988",2015,95653,"SUI",0
"1989",2015,95655,"SUI",0
"1990",2015,95656,"SUI",0
"1991",2015,95657,"SUI",0
"1992",2015,95658,"SUI",1
"1993",2015,95659,"SUI",0
"1994",2015,95660,"SUI",2
"1995",2015,95661,"SUI",2
"1996",2015,95662,"SUI",9
"1997",2015,95663,"SUI",1
"1998",2015,95664,"SUI",0
"1999",2015,95665,"SUI",0
"2000",2015,95666,"SUI",0
"2001",2015,95667,"SUI",5
"2002",2015,95668,"SUI",0
"2003",2015,95669,"SUI",0
"2004",2015,95670,"SUI",9
"2005",2015,95671,"SUI",2
"2006",2015,95672,"SUI",0
"2007",2015,95673,"SUI",1
"2008",2015,95674,"SUI",0
"2009",2015,95675,"SUI",0
"2010",2015,95676,"SUI",0
"2011",2015,95677,"SUI",2
"2012",2015,95678,"SUI",3
"2013",2015,95679,"SUI",0
"2014",2015,95681,"SUI",0
"2015",2015,95682,"SUI",6
"2016",2015,95683,"SUI",0
"2017",2015,95684,"SUI",0
"2018",2015,95685,"SUI",0
"2019",2015,95686,"SUI",1
"2020",2015,95687,"SUI",9
"2021",2015,95688,"SUI",8
"2022",2015,95689,"SUI",0
"2023",2015,95690,"SUI",1
"2024",2015,95691,"SUI",7
"2025",2015,95692,"SUI",0
"2026",2015,95693,"SUI",0
"2027",2015,95694,"SUI",2
"2028",2015,95695,"SUI",4
"2029",2015,95696,"SUI",0
"2030",2015,95697,"SUI",0
"2031",2015,95698,"SUI",0
"2032",2015,95699,"SUI",0
"2033",2015,95701,"SUI",0
"2034",2015,95703,"SUI",0
"2035",2015,95709,"SUI",0
"2036",2015,95712,"SUI",0
"2037",2015,95713,"SUI",0
"2038",2015,95714,"SUI",0
"2039",2015,95717,"SUI",0
"2040",2015,95720,"SUI",0
"2041",2015,95722,"SUI",2
"2042",2015,95723,"SUI",0
"2043",2015,95724,"SUI",1
"2044",2015,95726,"SUI",3
"2045",2015,95727,"SUI",0
"2046",2015,95729,"SUI",0
"2047",2015,95730,"SUI",0
"2048",2015,95735,"SUI",0
"2049",2015,95736,"SUI",0
"2050",2015,95742,"SUI",0
"2051",2015,95746,"SUI",1
"2052",2015,95747,"SUI",6
"2053",2015,95756,"SUI",0
"2054",2015,95757,"SUI",2
"2055",2015,95758,"SUI",3
"2056",2015,95759,"SUI",0
"2057",2015,95762,"SUI",1
"2058",2015,95763,"SUI",0
"2059",2015,95765,"SUI",5
"2060",2015,95768,"SUI",0
"2061",2015,95773,"SUI",0
"2062",2015,95776,"SUI",1
"2063",2015,95785,"SUI",0
"2064",2015,95791,"SUI",1
"2065",2015,95801,"SUI",0
"2066",2015,95804,"SUI",0
"2067",2015,95811,"SUI",1
"2068",2015,95812,"SUI",0
"2069",2015,95814,"SUI",4
"2070",2015,95815,"SUI",8
"2071",2015,95816,"SUI",1
"2072",2015,95817,"SUI",3
"2073",2015,95818,"SUI",1
"2074",2015,95819,"SUI",4
"2075",2015,95820,"SUI",1
"2076",2015,95821,"SUI",8
"2077",2015,95822,"SUI",7
"2078",2015,95823,"SUI",8
"2079",2015,95824,"SUI",0
"2080",2015,95825,"SUI",3
"2081",2015,95826,"SUI",6
"2082",2015,95827,"SUI",6
"2083",2015,95828,"SUI",7
"2084",2015,95829,"SUI",1
"2085",2015,95830,"SUI",0
"2086",2015,95831,"SUI",6
"2087",2015,95832,"SUI",1
"2088",2015,95833,"SUI",4
"2089",2015,95834,"SUI",0
"2090",2015,95835,"SUI",2
"2091",2015,95837,"SUI",1
"2092",2015,95838,"SUI",5
"2093",2015,95841,"SUI",7
"2094",2015,95842,"SUI",7
"2095",2015,95843,"SUI",5
"2096",2015,95847,"SUI",0
"2097",2015,95860,"SUI",0
"2098",2015,95861,"SUI",0
"2099",2015,95862,"SUI",0
"2100",2015,95863,"SUI",0
"2101",2015,95864,"SUI",3
"2102",2015,95891,"SUI",0
"2103",2015,95901,"SUI",7
"2104",2015,95903,"SUI",0
"2105",2015,95910,"SUI",0
"2106",2015,95911,"SUI",0
"2107",2015,95912,"SUI",0
"2108",2015,95913,"SUI",1
"2109",2015,95914,"SUI",0
"2110",2015,95916,"SUI",0
"2111",2015,95917,"SUI",1
"2112",2015,95918,"SUI",2
"2113",2015,95919,"SUI",0
"2114",2015,95920,"SUI",0
"2115",2015,95922,"SUI",0
"2116",2015,95924,"SUI",0
"2117",2015,95925,"SUI",0
"2118",2015,95926,"SUI",4
"2119",2015,95927,"SUI",0
"2120",2015,95928,"SUI",10
"2121",2015,95929,"SUI",0
"2122",2015,95930,"SUI",0
"2123",2015,95932,"SUI",0
"2124",2015,95935,"SUI",1
"2125",2015,95936,"SUI",0
"2126",2015,95937,"SUI",0
"2127",2015,95938,"SUI",0
"2128",2015,95939,"SUI",0
"2129",2015,95940,"SUI",0
"2130",2015,95941,"SUI",0
"2131",2015,95942,"SUI",0
"2132",2015,95943,"SUI",1
"2133",2015,95944,"SUI",0
"2134",2015,95945,"SUI",7
"2135",2015,95946,"SUI",5
"2136",2015,95947,"SUI",0
"2137",2015,95948,"SUI",1
"2138",2015,95949,"SUI",7
"2139",2015,95950,"SUI",0
"2140",2015,95951,"SUI",1
"2141",2015,95952,"SUI",0
"2142",2015,95953,"SUI",2
"2143",2015,95954,"SUI",0
"2144",2015,95955,"SUI",1
"2145",2015,95956,"SUI",0
"2146",2015,95957,"SUI",0
"2147",2015,95959,"SUI",2
"2148",2015,95960,"SUI",1
"2149",2015,95961,"SUI",3
"2150",2015,95962,"SUI",1
"2151",2015,95963,"SUI",3
"2152",2015,95965,"SUI",5
"2153",2015,95966,"SUI",9
"2154",2015,95967,"SUI",0
"2155",2015,95968,"SUI",0
"2156",2015,95969,"SUI",8
"2157",2015,95970,"SUI",0
"2158",2015,95971,"SUI",0
"2159",2015,95972,"SUI",0
"2160",2015,95973,"SUI",3
"2161",2015,95974,"SUI",0
"2162",2015,95975,"SUI",0
"2163",2015,95976,"SUI",0
"2164",2015,95977,"SUI",1
"2165",2015,95978,"SUI",1
"2166",2015,95979,"SUI",0
"2167",2015,95981,"SUI",0
"2168",2015,95982,"SUI",1
"2169",2015,95983,"SUI",1
"2170",2015,95984,"SUI",0
"2171",2015,95986,"SUI",0
"2172",2015,95987,"SUI",1
"2173",2015,95988,"SUI",4
"2174",2015,95991,"SUI",4
"2175",2015,95993,"SUI",2
"2176",2015,95996,"SUI",0
"2177",2015,96001,"SUI",9
"2178",2015,96002,"SUI",4
"2179",2015,96003,"SUI",12
"2180",2015,96004,"SUI",0
"2181",2015,96006,"SUI",0
"2182",2015,96007,"SUI",8
"2183",2015,96008,"SUI",0
"2184",2015,96009,"SUI",0
"2185",2015,96010,"SUI",0
"2186",2015,96011,"SUI",0
"2187",2015,96013,"SUI",0
"2188",2015,96015,"SUI",0
"2189",2015,96016,"SUI",0
"2190",2015,96017,"SUI",0
"2191",2015,96019,"SUI",3
"2192",2015,96020,"SUI",1
"2193",2015,96021,"SUI",2
"2194",2015,96022,"SUI",3
"2195",2015,96023,"SUI",0
"2196",2015,96024,"SUI",0
"2197",2015,96025,"SUI",0
"2198",2015,96027,"SUI",1
"2199",2015,96028,"SUI",2
"2200",2015,96029,"SUI",0
"2201",2015,96031,"SUI",0
"2202",2015,96032,"SUI",2
"2203",2015,96033,"SUI",0
"2204",2015,96034,"SUI",0
"2205",2015,96035,"SUI",0
"2206",2015,96037,"SUI",0
"2207",2015,96038,"SUI",1
"2208",2015,96039,"SUI",0
"2209",2015,96040,"SUI",0
"2210",2015,96041,"SUI",3
"2211",2015,96044,"SUI",0
"2212",2015,96046,"SUI",0
"2213",2015,96047,"SUI",0
"2214",2015,96048,"SUI",0
"2215",2015,96050,"SUI",0
"2216",2015,96051,"SUI",0
"2217",2015,96052,"SUI",0
"2218",2015,96054,"SUI",1
"2219",2015,96055,"SUI",0
"2220",2015,96056,"SUI",1
"2221",2015,96057,"SUI",0
"2222",2015,96058,"SUI",1
"2223",2015,96059,"SUI",0
"2224",2015,96062,"SUI",0
"2225",2015,96063,"SUI",0
"2226",2015,96064,"SUI",2
"2227",2015,96065,"SUI",0
"2228",2015,96067,"SUI",1
"2229",2015,96069,"SUI",0
"2230",2015,96073,"SUI",1
"2231",2015,96074,"SUI",0
"2232",2015,96075,"SUI",0
"2233",2015,96076,"SUI",0
"2234",2015,96078,"SUI",0
"2235",2015,96080,"SUI",7
"2236",2015,96084,"SUI",0
"2237",2015,96085,"SUI",0
"2238",2015,96086,"SUI",0
"2239",2015,96087,"SUI",0
"2240",2015,96088,"SUI",2
"2241",2015,96089,"SUI",0
"2242",2015,96090,"SUI",0
"2243",2015,96091,"SUI",0
"2244",2015,96092,"SUI",0
"2245",2015,96093,"SUI",1
"2246",2015,96094,"SUI",1
"2247",2015,96096,"SUI",0
"2248",2015,96097,"SUI",5
"2249",2015,96101,"SUI",1
"2250",2015,96103,"SUI",0
"2251",2015,96104,"SUI",0
"2252",2015,96105,"SUI",0
"2253",2015,96106,"SUI",0
"2254",2015,96107,"SUI",0
"2255",2015,96108,"SUI",0
"2256",2015,96109,"SUI",0
"2257",2015,96112,"SUI",0
"2258",2015,96113,"SUI",1
"2259",2015,96114,"SUI",3
"2260",2015,96115,"SUI",0
"2261",2015,96116,"SUI",0
"2262",2015,96117,"SUI",0
"2263",2015,96118,"SUI",1
"2264",2015,96119,"SUI",0
"2265",2015,96120,"SUI",0
"2266",2015,96121,"SUI",0
"2267",2015,96122,"SUI",2
"2268",2015,96124,"SUI",0
"2269",2015,96125,"SUI",0
"2270",2015,96128,"SUI",0
"2271",2015,96129,"SUI",0
"2272",2015,96130,"SUI",3
"2273",2015,96132,"SUI",0
"2274",2015,96133,"SUI",0
"2275",2015,96134,"SUI",0
"2276",2015,96137,"SUI",0
"2277",2015,96140,"SUI",1
"2278",2015,96141,"SUI",1
"2279",2015,96142,"SUI",1
"2280",2015,96143,"SUI",0
"2281",2015,96145,"SUI",2
"2282",2015,96148,"SUI",0
"2283",2015,96150,"SUI",6
"2284",2015,96151,"SUI",0
"2285",2015,96155,"SUI",0
"2286",2015,96158,"SUI",0
"2287",2015,96160,"SUI",0
"2288",2015,96161,"SUI",4
"2289",2015,99999,"SUI",8
